Filename,Size,Type,Full_Path
libxray.dll.a,6944,29,/nto/os/lib/bin-4k/libxray.dll.a
libsnmpagent.a,2254280,29,/snmp/snmpv3/src/src/noexport/qnx_cisco.lib/libsnmpagent.a
libosysrtdom.a,34482,29,/thirdparty/obj-sys/release/usr/lib64/libosysrtdom.a
libsnmpagent.a,319478,29,/snmp/SR/bin-x86l32/libsnmpagent.a
libiostream.a,8872174,29,/cplusplus/lib/bin-x86e/libiostream.a
libssl.dll.a-old-RSAlib,811354,29,/crypto/ssl/lib/bin-4k/libssl.dll.a-old-RSAlib
mv-armada-xp-patches.scc,0,32,/os-sdk/repos/windriver/cgl/recipes-kernel/linux/linux-windriver-3.14/n9000/mv-armada-xp/mv-armada-xp-patches.scc
libm.dll.a,979280,29,/nto/os/lib/bin-ppc-so/libm.dll.a
test-preproc-rules-errors.log,0,32,/config/validation/yve/compiler/test/expected_output/test-preproc-rules-errors.log
libNetCommSwS.a,3660940,29,/platforms/viking/drivers/dpaa/bin/bin-ppc/libNetCommSwS.a
450375_CS6051_Programmers_Reference_Manual.pdf,547746,46,/drivers/chips/otn/t100/src/sdk/doc/450375_CS6051_Programmers_Reference_Manual.pdf
libasyncmsg.a,101146,29,/nto/os/lib/bin-ppc/libasyncmsg.a
netperf.pdf,191720,46,/tools/netperf/doc/netperf.pdf
eth_test_module_pfi_prot_client-valgrind.log,0,32,/drivers/lib/media/ether/test/modules/logs/eth_test_module_pfi_prot_client-valgrind.log
slat_pm_db-valgrind.log,0,32,/infra/sla/test/logs/slat_pm_db-valgrind.log
libmibtable.a,33656,29,/snmp/SR/bin-x86e/libmibtable.a
libexpat.a,315846,29,/thirdparty/obj-sys/release/opt/xbinder/c/libgcc4/libexpat.a
libosysrtjson.a,112166,29,/thirdparty/obj-sys/release/opt/xbinder/c/libgcc3/libosysrtjson.a
n9000-mv-armada-xp-gdb-patches.scc,0,32,/os-sdk/repos/windriver/cgl/recipes-kernel/linux/linux-windriver-3.14/n9000/mv-armada-xp/n9000-mv-armada-xp-gdb/n9000-mv-armada-xp-gdb-patches.scc
libc3m.g0.a,12154192,29,/crypto/toolkit/ciscossl/bin-x86e/libc3m.g0.a
libACE.a,4694114,29,/orb/taoorb/lib/bin-4k/libACE.a
libpython3.3m.a,13360308,29,/tools/python3/host/tmp/lib/libpython3.3m.a
tam_platform_io.a,3662,29,/os-sdk/repos/cisco/cpa/recipes-bmc/ciscotamlib/files/tam_platform_io.a
inst_mut.supp,1122,31,/infra/install/test/tools/etc/inst_mut.supp
rm.exe,65536,38,/thirdparty/marvell/cpss/sources_4_1_694/tools/bin/rm.exe
eth_test_ha_module-valgrind.log,0,32,/drivers/lib/media/ether/test/modules/logs/eth_test_ha_module-valgrind.log
valgrind.supp,6566,31,/ifmgr/test/src/valgrind.supp
WRS_LICENSE.pdf,255878,46,/platforms/hfr/drivers/int_switch/bcm_sdk/etc/systems/vxworks/idtrp334/idtrp334/WRS_LICENSE.pdf
libTAO_PortableServer.a,2944900,29,/orb/taoorb/lib/bin-ppc/libTAO_PortableServer.a
libopflex.a,57346520,29,/infra/opflex/bin-ppc/libopflex.a
libcam-cisco_static.a,362904,29,/platforms/common/diskcam/bin/bin-4k/libcam-cisco_static.a
hsrp_output_ut-valgrind.log,0,32,/ipv4/hsrp/test/logs/hsrp_output_ut-valgrind.log
pird_stats_test-valgrind.log,0,32,/spp/feature/pird/test/logs/pird_stats_test-valgrind.log
libagent-hybrid.a,68508,29,/snmp/SR/bin-x86e/libagent-hybrid.a
mcp_pidf,0,32,/cpp/dp/obj/mcp/regtest/nat/static/mcp_pidf
slat_trace_test-valgrind.log,0,32,/infra/sla/test/logs/slat_trace_test-valgrind.log
libxray.dll.a,12536,29,/nto/os/lib/bin-x86e/libxray.dll.a
.gitmodules,0,32,/infra/opflex/src/opflex/.gitmodules
libcam-disk-cisco_kernel_dumper.a,108018,29,/platforms/common/diskcam/bin/bin-ppc/libcam-disk-cisco_kernel_dumper.a
xos-valgrind.supp,6164,31,/infra/xoslib/tools/xos-valgrind.supp
libact2.a,68518,29,/os-sdk/repos/cisco/xr/x86/recipes-custom/cisco-act2/files/arm/libact2.a
libcamS.a,351908,29,/platforms/common/diskcam/bin/bin-x86e/libcamS.a
libsnmpv3.a,444610,29,/snmp/SR/bin-4k/libsnmpv3.a
spp_citizenship_test-valgrind.log,0,32,/spp/core/test/logs/spp_citizenship_test-valgrind.log
liblewrapper.a,0,32,/infra/infra/lewrapper/bin-ppc/liblewrapper.a
libfs-dos-cisco_kernel_dumper.a,546884,29,/nto/ioblk/bin/bin-ppc-so/libfs-dos-cisco_kernel_dumper.a
libpm.g0.a,214176,29,/nto/os/lib/bin-ppc/libpm.g0.a
libdevf-scrp-kd.a,203382,29,/nto/ioblk/bin/bin-ppc-so/libdevf-scrp-kd.a
libkd_p10xxtlb.a,8606,29,/platforms/hfr/debug/kernel_dumper/sp/lib/bin-ppc-so/libkd_p10xxtlb.a
libdevb-eide-dlS.a,7798,29,/platforms/hfr/drivers/disk/bin/bin-ppc/libdevb-eide-dlS.a
pird_bm_ea_test-valgrind.log,0,32,/spp/feature/pird/test/logs/pird_bm_ea_test-valgrind.log
libssl.g0.a,569352,29,/crypto/ssl/lib/bin-x86l32/libssl.g0.a
EZdev_linux_ppc.a,47961,29,/drivers/chips/np/ezchip-4c/src/host/dev/bin/linux/EZdev_linux_ppc.a
slat_pm_distrib-valgrind.log,0,32,/infra/sla/test/logs/slat_pm_distrib-valgrind.log
libclib.a,3525526,29,/platforms/common/gdplane/platform/sunstone/vpp/install-native/libclib.a
test-invalid-errors.log,0,32,/config/validation/yve/compiler/test/expected_output/test-invalid-errors.log
libsnmpv3.a,468312,29,/snmp/SR/bin-x86_64-ms/libsnmpv3.a
hsrp_protocol_ut-valgrind.log,0,32,/ipv4/hsrp/test/logs/hsrp_protocol_ut-valgrind.log
libosysrtxml.a,595770,29,/thirdparty/obj-sys/release/opt/xbinder/c/libgcc4/libosysrtxml.a
libc3m.a,12851084,29,/crypto/toolkit/ciscossl/bin-x86_64/libc3m.a
libmibtree.a,112988,29,/snmp/SR/bin-x86_64-ms/libmibtree.a
c12000_ingress_pal_lookup.cpp,0,32,/cpp/dp/tools/crpg/src/c12000_ingress_pal_lookup.cpp
libkd_40x0tlb.a,8606,29,/platforms/viking/debug/kernel_dumper/lib/bin-ppc/libkd_40x0tlb.a
libkbpBRCM12K.dll.a,1667956,29,/drivers/chips/tcam/Broadcom/BRCM12K/bin-x86e-nto/libkbpBRCM12K.dll.a
EZagent_linux_ppc.a,209736,29,/drivers/chips/np/ezchip-4c/src/host/agent/bin/linux/EZagent_linux_ppc.a
xos-valgrind.supp,6377,31,/infra/smart_licensing/tools/xos-valgrind.supp
libscc.dll.a,112804,29,/scc/bin-ppc/libscc.dll.a
libenki.dll.a,80302,29,/infra/license/enki/bin-4k/libenki.dll.a
libxray.a,12436,29,/nto/base/lib/bin-4k/libxray.a
libnpm-qnet-cisco.a,2033046,29,/nto/distrib/lib/bin-ppc-so/libnpm-qnet-cisco.a
ether_interface_policy_api_ut-valgrind.log,0,32,/l2protocols/ethernet/infra/test/ut_logs/ether_interface_policy_api_ut-valgrind.log
n9000-x86-64-patches.scc,0,32,/os-sdk/repos/windriver/cgl/recipes-kernel/linux/linux-windriver-3.14/n9000/x86/n9000-x86-64/n9000-x86-64-patches.scc
EZmdbg_win_x86.lib,733644,29,/drivers/chips/np/ezchip-4c/src/host/mdbg/bin/win/EZmdbg_win_x86.lib
libfs-dosS.a,539606,29,/nto/ioblk/bin/bin-ppc/libfs-dosS.a
libboostsys.a,127634,29,/infra/opflex/bin-x86_64/libboostsys.a
libiostream.a,570324,29,/platforms/hfr/lc/pse/driver/pogo/lib/bin-ppc/libiostream.a
libenki.dll.a,68818,29,/infra/license/enki/bin-ppc-so/libenki.dll.a
libsupc++.a,451704,29,/cplusplus/lib/bin-ppc/libsupc++.a
libdevb-ahciS.a,546356,29,/nto/usb/bin/bin-x86e/libdevb-ahciS.a
srms_valgrind_api_test.supp,3892,31,/segment-routing/ms/xr/test/srms_valgrind_api_test.supp
wininst-8.0.exe,61440,38,/infra/test/tools/python/src/Python-2.7.1/Lib/distutils/command/wininst-8.0.exe
fib_test.supp,678,31,/fib/common/test/etc/fib_test.supp
libremote.a,22960,29,/infra/testtools/remote/lib/bin-x86e/libremote.a
libnpm-qnet-cisco_g.a,2033126,29,/nto/distrib/lib/bin-ppc-so/libnpm-qnet-cisco_g.a
ei_ea_ctrl_ut-valgrind.log,0,32,/l2protocols/ethernet/infra/test/ut_logs/ei_ea_ctrl_ut-valgrind.log
libdevb-ahci-dlS.a,40822,29,/nto/usb/bin/bin-x86e/libdevb-ahci-dlS.a
COMM.j2z,177558,31,/manageability/CTC/etc/COMM.j2z
liblogbook.a,3204,29,/snmp/SR/bin-x86e/liblogbook.a
slat_pm_cfg-valgrind.log,0,32,/infra/sla/test/logs/slat_pm_cfg-valgrind.log
sub_ea_pd_vkg_valgrind.supp,3537,31,/platforms/viking/lc/feature/subscriber/common/src/sub_ea_pd_vkg_valgrind.supp
libucl.a,173258,29,/nto/os/lib/bin-ppc/libucl.a
libTAO_ETCL.a,137160,29,/orb/taoorb/lib/bin-4k/libTAO_ETCL.a
libtamact2.dll.a,765764,29,/scc/bin-x86e/libtamact2.dll.a
dirlist.db,600,67,/compmgmt/test/dummy_disk/instdb/dirlist.db
libcrypto_base.g0.a,1071932,29,/crypto/pki_base/bin-x86_64/libcrypto_base.g0.a
wininst-9.0-amd64.exe,224256,38,/tools/python3/host/tmp/lib/python3.3/distutils/command/wininst-9.0-amd64.exe
libfs-flash-cisco_kernel_dumper.a,2297602,29,/nto/os/lib/bin-ppc-so/libfs-flash-cisco_kernel_dumper.a
cft.supp,93,31,/infra/common-flow-table/test/bin/cft.supp
libTAO_SSLIOP.a,1585530,29,/orb/taoorb/lib/bin-4k/libTAO_SSLIOP.a
Module.symvers,0,32,/calvados/boot_pkg/drivers/ccc/kernel_driver/Module.symvers
libmibtree.a,91580,29,/snmp/SR/bin-x86/libmibtree.a
libTFFS55.a,286448,29,/platforms/hfr/drivers/int_switch/bcm_sdk/etc/systems/vxworks/jag/bcm4704/tffs/libTFFS55.a
libact2.a,291408,29,/os-sdk/repos/cisco/xr/x86/recipes-custom/cisco-act2/files/x86-64/libact2.a
libcoex.a,59244,29,/snmp/SR/bin-x86e/libcoex.a
libTAO_Security.a,1935854,29,/orb/taoorb/lib/bin-ppc/libTAO_Security.a
libsesinit.a,1328,29,/sestools/common/bin-ppc/libsesinit.a
ipxe.efi,188608,31,/calvados/asr9k_pkg/boot/bin/bin-x86_64/ipxe.efi
libdevb-eide-crsS.a,759102,29,/platforms/hfr/drivers/disk/bin/bin-ppc-so/libdevb-eide-crsS.a
libcoex.a,103376,29,/snmp/snmpv3/src/src/noexport/qnx_cisco.lib/libcoex.a
libc3mssl.g0.a,2697972,29,/crypto/toolkit/ciscossl/bin-x86_64/libc3mssl.g0.a
libdl.g0.a,36910,29,/nto/os/lib/bin-x86e/libdl.g0.a
sh.exe,409600,38,/thirdparty/marvell/cpss/sources_4_1_694/tools/bin/sh.exe
libm.a,1605906,29,/nto/os/lib/bin-4k/libm.a
libcrypto_ecdsa.g0.a,48484,29,/crypto/pki_base/bin-ppc/libcrypto_ecdsa.g0.a
dspu.db,22032,67,/compmgmt/test/dummy_disk/c12k-lc-3.6.0.1I/instdb/dspu.db
lsd_test_server.supp,504,31,/mpls/lsd/test/etc/lsd_test_server.supp
libTAO_ETCL.a,86980,29,/orb/taoorb/lib/bin-ppc/libTAO_ETCL.a
libssp.a,59082,29,/cplusplus/lib/bin-ppc/libssp.a
liblogbook.a,3730,29,/snmp/SR/bin-x86/liblogbook.a
libxray.dll.a,8224,29,/nto/base/lib/bin-ppc/libxray.dll.a
libboostthread.a,1033136,29,/infra/opflex/bin-ppc/libboostthread.a
libmibtable.a,30014,29,/snmp/SR/bin-x86_64-ms/libmibtable.a
IPv6.pcap.deprecated,0,32,/infra/common-flow-table/test/caps/IPv6.pcap.deprecated
libTAO.a,4726656,29,/orb/taoorb/lib/bin-ppc/libTAO.a
struct_view.ico,10134,38,/platforms/viking/lc/ucode/ezchip/tools/src/struct_view/src/struct_view.ico
notifd_clib_filter_clients.sch,0,32,/infra/install/test/cut/stubs/src/notifd_clib_filter_clients.sch
libm.dll.a,979280,29,/nto/os/lib/bin-ppc/libm.dll.a
libcoex.a,47142,29,/snmp/SR/bin-x86/libcoex.a
libfs-flash3S.a,1498100,29,/nto/ioblk/bin/bin-ppc-so/libfs-flash3S.a
tclkitsh-win32.exe,1324340,38,/platforms/viking/lc/ucode/ezchip/tools/src/ez_object_file_tools/tclkitsh-win32.exe
libdevb-mvSataS.a,340972,29,/platforms/hfr/drivers/disk/bin/bin-ppc/libdevb-mvSataS.a
libdevb-umass-dlS.a,40822,29,/nto/usb/bin/bin-x86e/libdevb-umass-dlS.a
libdevb-eide-crsS.a,791554,29,/platforms/hfr/drivers/disk/bin/bin-ppc/libdevb-eide-crsS.a
libsnmpv3.a,666208,29,/snmp/SR/bin-x86_64/libsnmpv3.a
libm.a,1445386,29,/nto/os/lib/bin-x86e/libm.a
pird_ipsub_test-valgrind.log,0,32,/spp/feature/pird/test/logs/pird_ipsub_test-valgrind.log
EZmdbg_linux_ppc.a,342260,29,/drivers/chips/np/ezchip-4c/src/host/mdbg/bin/linux/EZmdbg_linux_ppc.a
tclkitsh-win32.exe,1324340,38,/platforms/viking/lc/ucode/ezchip/tools/src/struct_view/src/tclkitsh-win32.exe
libio-blkS.a,1422544,29,/nto/ioblk/bin/bin-ppc-so/libio-blkS.a
libc3mssl.g0.a,2721756,29,/crypto/toolkit/ciscossl/bin-x86/libc3mssl.g0.a
hsrp_control_ut-valgrind.log,0,32,/ipv4/hsrp/test/logs/hsrp_control_ut-valgrind.log
libpccard.a,161600,29,/nto/os/lib/bin-ppc-so/libpccard.a
libdevb-mvSataS.a,336392,29,/platforms/hfr/drivers/disk/bin/bin-ppc-so/libdevb-mvSataS.a
liblogbook.a,5020,29,/snmp/SR/bin-x86_64-linux-spirit/liblogbook.a
EZcmd_win_x86.lib,964740,29,/drivers/chips/np/ezchip-4c/src/host/cmd/bin/win/EZcmd_win_x86.lib
EZnl_linux_ppc.a,29152,29,/drivers/chips/np/ezchip-4c/src/host/nl/bin/linux/EZnl_linux_ppc.a
libcrypto.a,11485230,29,/nto/io-pkt/lib/bin-ppc/libcrypto.a
hsrp_las_ut-valgrind.log,0,32,/ipv4/hsrp/test/logs/hsrp_las_ut-valgrind.log
include.a,1658880,29,/platforms/common/gdplane/platform/sunstone/vpp/include.a
libpm.g0.a,214176,29,/nto/os/lib/bin-ppc-so/libpm.g0.a
mut_cflow_suppressions.supp,4257,31,/calvados/system_pkg/issu/test/mut/etc/mut_cflow_suppressions.supp
Release_Notes_1_10_0.pdf,145668,46,/drivers/chips/otn/t100/src/sdk/doc/Release_Notes_1_10_0.pdf
libxml2.a,1717012,29,/thirdparty/obj-sys/release/usr/lib64/libxml2.a
test-aug-errors.log,0,32,/config/validation/yve/compiler/test/expected_output/test-aug-errors.log
libEZvpci_wrap.a,129248,29,/platforms/viking/lc/prm/ezlib/bin-ppc/libEZvpci_wrap.a
pird_driver_test-valgrind.log,0,32,/spp/feature/pird/test/logs/pird_driver_test-valgrind.log
valgrind-ads620.supp,755,31,/infra/smart_licensing/tools/valgrind-ads620.supp
test_ism_issul-valgrind.log,0,32,/spirit/issu/infra/test/test_logs/test_ism_issul-valgrind.log
libmtd-flash-crsS.a,810888,29,/platforms/hfr/drivers/bootflash/bin/bin-ppc/libmtd-flash-crsS.a
Software_License_Agreement.pdf,76330,46,/drivers/chips/otn/t100/src/sdk/doc/Software_License_Agreement.pdf
xlnc.supp,1194,31,/linux/networking/xlnc/test/ut/src/xlnc.supp
test-virtuals-errors.log,0,32,/config/validation/yve/compiler/test/expected_output/test-virtuals-errors.log
EZenv_linux_ppc.a,86030,29,/drivers/chips/np/ezchip-4c/src/host/env/bin/linux/EZenv_linux_ppc.a
libosysdomapi.a,8826,29,/thirdparty/obj-sys/release/usr/lib64/libosysdomapi.a
spp_parser_test-valgrind.log,0,32,/spp/core/test/logs/spp_parser_test-valgrind.log
liblewrapper.dll.sym.map,0,32,/infra/infra/lewrapper/bin-4k/liblewrapper.dll.sym.map
libcrypto_client_base.dll.a,152968,29,/crypto/pki_base/bin-4k/libcrypto_client_base.dll.a
ei_ea_plat_ut_v0-valgrind.log,0,32,/l2protocols/ethernet/infra/test/ut_logs/ei_ea_plat_ut_v0-valgrind.log
EZcmd_linux_ppc.a,660193,29,/drivers/chips/np/ezchip-4c/src/host/cmd/bin/linux/EZcmd_linux_ppc.a
libcam-disk-cisco-static640.a,69498,29,/platforms/common/diskcam/bin/bin-ppc/libcam-disk-cisco-static640.a
libftd2xx.a.64bit,266594,29,/platforms/scapa/drivers/furia/furia_app/libftd2xx.a.64bit
ether_caps_partner_batch_test-valgrind.log,0,32,/l2protocols/ethernet/infra/test/ut_logs/ether_caps_partner_batch_test-valgrind.log
libACE.a,2940784,29,/orb/taoorb/lib/bin-ppc/libACE.a
.nojamfile,0,32,/infra/infra_test/sysdb/.nojamfile
libopflex.a,94098436,29,/infra/opflex/bin-x86e/libopflex.a
libdrvrS.a,158430,29,/nto/ioblk/bin/bin-x86e/libdrvrS.a
pyc.ico,19790,38,/infra/test/tools/python/src/Python-2.7.1/PC/pyc.ico
ipxe-lc.efi,249184,31,/calvados/fretta_pkg/boot/bin/bin-x86_64/ipxe-lc.efi
libprotobuf-lite.a,2239228,29,/calvados/shared_pkg/common/protobuf/lib/libprotobuf-lite.a
libasyncmsg.a,85806,29,/nto/os/lib/bin-4k/libasyncmsg.a
sla_ios_distributed_stats.reg,0,32,/manageability/sla/ios/distributed/include/reg/sla_ios_distributed_stats.reg
libscc.dll.a,64592,29,/scc/bin-ppc-so/libscc.dll.a
pird_spio_pd_test-valgrind.log,0,32,/spp/feature/pird/test/logs/pird_spio_pd_test-valgrind.log
libgcc.a,412028,29,/cplusplus/lib/bin-x86e/libgcc.a
valgrind-openssl.supp,975,31,/infra/smart_licensing/tools/valgrind-openssl.supp
pird_db_array_test-valgrind.log,0,32,/spp/feature/pird/test/logs/pird_db_array_test-valgrind.log
libcoex.a,65106,29,/snmp/SR/bin-x86_64-linux-spirit/libcoex.a
.nojamfile,0,32,/parser/cmdgen/.nojamfile
.component_root,0,32,/infra/common-flow-table/.component_root
.signature,0,32,/infra/sdn/openflow/include/.signature
libsnmp-hybrid.a,505440,29,/snmp/SR/bin-x86e/libsnmp-hybrid.a
libTAO_CosNaming.a,1309610,29,/orb/taoorb/lib/bin-ppc/libTAO_CosNaming.a
libfs-qnx4S.a,455674,29,/nto/qnx4/bin/bin-x86e/libfs-qnx4S.a
include.a,3123200,29,/platforms/common/gdplane/platform/sunstone/vpp_hw/include.a
libnpm-qnet-cisco_g.a,2030822,29,/nto/distrib/lib/bin-ppc/libnpm-qnet-cisco_g.a
libftd2xx.a,266594,29,/platforms/scapa/drivers/furia/furia_app/libftd2xx.a
libmibtable.a,20974,29,/snmp/SR/bin-x86l32/libmibtable.a
libmq.a,36530,29,/nto/os/lib/bin-ppc/libmq.a
libosysrtxml.a,577050,29,/thirdparty/obj-sys/release/opt/xbinder/c/libgcc3/libosysrtxml.a
libcrypto_x86_64.a,4170294,29,/manageability/http/lighttpd_yang/bin-x86_64/libcrypto_x86_64.a
ChangeLog,0,32,/os-sdk/repos/cisco/xr/x86/recipes-custom/cbt/files/cbt-1.0/ChangeLog
liblogbook.a,8376,29,/snmp/SR/bin-ppc-so/liblogbook.a
libps.g0.a,70224,29,/nto/os/lib/bin-4k/libps.g0.a
libpm.g0.a,201948,29,/nto/os/lib/bin-4k/libpm.g0.a
libagent.a,103922,29,/snmp/SR/bin-x86_64-ms/libagent.a
ei_ea_edm_ut-valgrind.log,0,32,/l2protocols/ethernet/infra/test/ut_logs/ei_ea_edm_ut-valgrind.log
libmbcrypto.dll.a,32988,29,/mb/runtime/bin/bin-x86e/libmbcrypto.dll.a
libmtd-flash2-kd.a,2517006,29,/nto/ioblk/bin/bin-ppc-so/libmtd-flash2-kd.a
libgcc_math.g0.a,3840,29,/nto/os/lib/bin-x86e/libgcc_math.g0.a
libcryptoqnx.a,8362046,29,/infra/opflex/bin-x86e/libcryptoqnx.a
libdevb-umassS.a,306774,29,/nto/usb/bin/bin-x86e/libdevb-umassS.a
libenki.dll.a,66518,29,/infra/license/enki/bin-x86e/libenki.dll.a
libcrypto_client_base.dll.a,270062,29,/crypto/pki_base/bin-ppc/libcrypto_client_base.dll.a
libsoftfp.g0.a,54074,29,/nto/os/lib/bin-ppc-so/libsoftfp.g0.a
libagent.a,125514,29,/snmp/SR/bin-x86e/libagent.a
EZdriver_win_x86.lib,5012267,29,/drivers/chips/np/ezchip-4c/src/host/driver/bin/win/EZdriver_win_x86.lib
libgcc.a,909866,29,/cplusplus/lib/bin-ppc/libgcc.a
component.db,106004,67,/compmgmt/test/dummy_disk/c12k-admin-3.6.0.1I/instdb/component.db
grub.efi,698399,38,/platforms/viking/bin/bin/bin-x86e/grub.efi
libfs-flash-cisco_kernel_dumper.a,2329022,29,/platforms/viking/debug/kernel_dumper/lib/bin-ppc/libfs-flash-cisco_kernel_dumper.a
.nojamfile,0,32,/infra/infra_test/tcp/.nojamfile
component.db,197800,67,/compmgmt/test/samples/component.db
libmtd-flash2-kd.a,2540896,29,/platforms/viking/debug/kernel_dumper/lib/bin-ppc-so/libmtd-flash2-kd.a
libcache.a,27222,29,/nto/os/lib/bin-ppc-so/libcache.a
libTFFS.a,1096072,29,/platforms/hfr/drivers/int_switch/bcm_sdk/etc/systems/vxworks/bmw/mpc824x/tffs/libTFFS.a
libtcl8.4.a,995160,29,/cpp/tools/ccsh/lib/binos/tcl8.4/lib-i686/libtcl8.4.a
hsrp_utils_ut-valgrind.log,0,32,/ipv4/hsrp/test/logs/hsrp_utils_ut-valgrind.log
libio-char.g0.a,660150,29,/nto/os/lib/bin-4k/libio-char.g0.a
eth_test_module_fsm-valgrind.log,0,32,/drivers/lib/media/ether/test/modules/logs/eth_test_module_fsm-valgrind.log
libcepki_utils_base.dll.a,15274,29,/crypto/pki_base/bin-4k/libcepki_utils_base.dll.a
libgcov.a,21436,29,/nto/os/lib/bin-ppc-so/libgcov.a
pmgr_test-valgrind.log,0,32,/spp/feature/pird/test/logs/pmgr_test-valgrind.log
libmibtable.a,30102,29,/snmp/SR/bin-x86_64-linux/libmibtable.a
libcacheS.a,24894,29,/nto/ioblk/bin/bin-x86e/libcacheS.a
libagent.a,127054,29,/snmp/SR/bin-ppc/libagent.a
405376_CS6051_API_Reference_Guide.pdf,9771056,46,/drivers/chips/otn/t100/src/sdk/doc/405376_CS6051_API_Reference_Guide.pdf
test_ism_vmm-valgrind.log,0,32,/spirit/issu/infra/test/test_logs/test_ism_vmm-valgrind.log
libasyncmsg.dll.a,32046,29,/nto/os/lib/bin-x86e/libasyncmsg.dll.a
mcp_spi0_cosim.pak,0,32,/cpp/dp/obj/mcp/mcp_spi0_cosim.pak
libsnmp.a,681448,29,/snmp/SR/bin-x86/libsnmp.a
eth_caps_partner_ucast_test-valgrind.log,0,32,/l2protocols/ethernet/infra/test/ut_logs/eth_caps_partner_ucast_test-valgrind.log
gmake2.exe,271360,38,/thirdparty/marvell/cpss/sources_4_1_694/tools/bin/gmake2.exe
zsh.exe,409600,38,/thirdparty/marvell/cpss/sources_4_1_694/tools/bin/zsh.exe
hsrp_pkt_utils_ut-valgrind.log,0,32,/ipv4/hsrp/test/logs/hsrp_pkt_utils_ut-valgrind.log
libsupc++.a,448204,29,/cplusplus/lib/bin-4k/libsupc++.a
libsnmpv3.a,526534,29,/snmp/SR/bin-ppc/libsnmpv3.a
libnpm-qnet-cisco.a,1753126,29,/nto/os/lib/bin-x86e/libnpm-qnet-cisco.a
libconnector_os.dll.a,9572,29,/mb/runtime/bin/bin-x86e/libconnector_os.dll.a
libTAO_Svc_Utils.a,151222,29,/orb/taoorb/lib/bin-4k/libTAO_Svc_Utils.a
libmibtree.a,128892,29,/snmp/SR/bin-x86_64-linux-spirit/libmibtree.a
l2vpn_test.supp,1072,31,/l2vpn/test/etc/l2vpn_test.supp
libtam_act2.a,506086,29,/os-sdk/repos/cisco/xr/x86/recipes-custom/cisco-act2/files/arm/libtam_act2.a
EZparse_linux_ppc.a,1680229,29,/drivers/chips/np/ezchip-4c/src/host/parse/bin/linux/EZparse_linux_ppc.a
spp_virtio_test-valgrind.log,0,32,/spp/feature/pird/test/logs/spp_virtio_test-valgrind.log
tam_lib_objname.a,8162,29,/os-sdk/repos/cisco/cpa/recipes-bmc/ciscotamlib/files/tam_lib_objname.a
py.ico,19790,38,/infra/test/tools/python/src/Python-2.7.1/PC/py.ico
libmq.dll.a,38866,29,/nto/os/lib/bin-ppc-so/libmq.dll.a
tclkit.exe,968383,38,/calvados/boot_pkg/drivers/ccc/ccc_shell2/tclkit.exe
libio-blk-cisco_kernel_dumper.a,1607936,29,/nto/ioblk/bin/bin-ppc/libio-blk-cisco_kernel_dumper.a
libscc.dll.a,57326,29,/scc/bin-4k/libscc.dll.a
libgcc.a,2288718,29,/build/bin-ppc-so/4.7.0/libgcc.a
wininst-7.1.exe,65536,38,/tools/python3/host/tmp/lib/python3.3/distutils/command/wininst-7.1.exe
libc3mssl.a,2924228,29,/crypto/toolkit/ciscossl/bin-ppc/libc3mssl.a
libsoftfp.g0.a,54074,29,/nto/os/lib/bin-ppc/libsoftfp.g0.a
libagent.a,103834,29,/snmp/SR/bin-x86_64-linux/libagent.a
libm.a,1634932,29,/nto/os/lib/bin-ppc/libm.a
liblewrapper.a,0,32,/infra/infra/lewrapper/bin-4k/liblewrapper.a
test2-errors.log,0,32,/config/validation/yve/compiler/test/expected_output/test2-errors.log
WRS_LICENSE.pdf,255878,46,/platforms/hfr/drivers/int_switch/bcm_sdk/etc/systems/vxworks/bmw/mpc824x/WRS_LICENSE.pdf
libxray.a,13466,29,/nto/os/lib/bin-4k/libxray.a
libgcc.a,551034,29,/build/bin-ppc-so/4.2.1/libgcc.a
libc3mssl_local.a,2844022,29,/infra/smart_licensing/thirdparty/ciscossl/openssl_1.0.2e/bin-x86e-nto/libc3mssl_local.a
libnpm-qnet-cisco_g.a,1753126,29,/nto/os/lib/bin-x86e/libnpm-qnet-cisco_g.a
libdllmain.a,3324,29,/infra/infra/lewrapper/bin-x86e/libdllmain.a
libc3mssl_local.a,2646774,29,/infra/smart_licensing/thirdparty/ciscossl/openssl_1.0.2e/bin-x86_64-linux-spirit/libc3mssl_local.a
libsnmpagent.a,1333064,29,/snmp/SR/bin-ppc-so/libsnmpagent.a
dspu.db,1296,67,/compmgmt/test/dummy_disk/c12k-os-mbi-3.6.0.1I/instdb/dspu.db
spp_client_test-valgrind.log,0,32,/spp/core/test/logs/spp_client_test-valgrind.log
libcoex.a,79858,29,/snmp/SR/bin-x86_64/libcoex.a
ez_testbench_flow.vsd,223744,35,/platforms/viking/lc/ucode/ezchip/testbench/doc/ez_testbench_flow.vsd
.component_root,0,32,/infra/onep/.component_root
spp_ctx_alloc_local_test-valgrind.log,0,32,/spp/core/test/logs/spp_ctx_alloc_local_test-valgrind.log
libssl.a,743482,29,/crypto/tams/ciscossl/lib/libssl.a
bzip2.dll,69120,38,/thirdparty/marvell/cpss/sources_4_1_694/tools/bin/bzip2.dll
libdevb-ahci-dlS.a,40822,29,/nto/ioblk/bin/bin-x86e/libdevb-ahci-dlS.a
raw_packet.exe,409155,38,/calvados/boot_pkg/drivers/ccc/ccc_shell/raw_packet/bin-windows/raw_packet.exe
libio-char.g0.a,678018,29,/nto/os/lib/bin-x86e/libio-char.g0.a
tam_lib_objname.a,9918,29,/scc/bin-spitfire-x86_64-linux-spirit/tam_lib_objname.a
libsnmpagent.a,487734,29,/snmp/SR/bin-x86e/libsnmpagent.a
libsslqnx.a,2526068,29,/infra/opflex/bin-ppc/libsslqnx.a
libc3m.a,12194584,29,/crypto/toolkit/ciscossl/bin-ppc/libc3m.a
libusbdi.a,396870,29,/nto/usb/bin/bin-ppc-so/libusbdi.a
zip.exe,68096,38,/thirdparty/marvell/cpss/sources_4_1_694/tools/bin/zip.exe
liblzo.a,686282,29,/nto/os/lib/bin-ppc/liblzo.a
gmake.exe,225280,38,/thirdparty/marvell/cpss/sources_4_1_694/tools/bin/gmake.exe
libnpm-qnet-cisco_g.a,1621802,29,/nto/distrib/lib/bin-4k/libnpm-qnet-cisco_g.a
libosysrt.a,746964,29,/thirdparty/obj-sys/release/opt/xbinder/c/libgcc4/libosysrt.a
spp_queue_test-valgrind.log,0,32,/spp/core/test/logs/spp_queue_test-valgrind.log
libdrvrS.a,180074,29,/nto/ioblk/bin/bin-ppc-so/libdrvrS.a
libACE_SSL.a,109352,29,/orb/taoorb/lib/bin-4k/libACE_SSL.a
ei_ea_aib_ut-valgrind.log,0,32,/l2protocols/ethernet/infra/test/ut_logs/ei_ea_aib_ut-valgrind.log
objCow.exe,155698,38,/thirdparty/marvell/cpss/sources_4_1_694/tools/bin/objCow.exe
libc3m_local.a,12134022,29,/infra/smart_licensing/thirdparty/ciscossl/openssl_1.0.2e/bin-x86-gcc/libc3m_local.a
bte_cut_empty_1-0.map,788,32,/manageability/telemetry/bte/engine/test/src/bte_cut_empty_1-0.map
spp_pfi_protect_test-valgrind.log,0,32,/spp/core/test/logs/spp_pfi_protect_test-valgrind.log
ipv6_rib_server_test.supp,982,31,/ip/rib/test/etc/ipv6_rib_server_test.supp
EZnlStub_win_x86.lib,6698,29,/drivers/chips/np/ezchip-4c/src/host/nl/bin/win/EZnlStub_win_x86.lib
component.db,450236,67,/compmgmt/test/dummy_disk/c12k-lc-3.6.0.1I/instdb/component.db
n9000-patches.scc,0,32,/os-sdk/repos/windriver/cgl/recipes-kernel/linux/linux-windriver-3.14/n9000/n9000-patches.scc
empty_file,0,32,/infra/test/linux/test/src/empty_file
NEWS,0,32,/os-sdk/repos/cisco/xr/x86/recipes-custom/cbt/files/cbt-1.0/NEWS
libc3mssl.g0.a,2924228,29,/crypto/toolkit/ciscossl/bin-ppc/libc3mssl.g0.a
slat_exec-valgrind.log,0,32,/infra/sla/test/logs/slat_exec-valgrind.log
libosysdomapi.a,8826,29,/thirdparty/obj-sys/release/opt/xbinder/c/libgcc4/libosysdomapi.a
libcoex.a,52914,29,/snmp/SR/bin-x86_64-linux/libcoex.a
libkd_alloc.a,36210,29,/nto/os/lib/bin-ppc-so/libkd_alloc.a
pppoe_ea_pd_vkg_valgrind.supp,1701,31,/platforms/viking/lc/feature/pppoe/src/pppoe_ea_pd_vkg_valgrind.supp
test.diff,0,32,/buildx/ljam/bugfix_rpm/test/dummy_workspace/test.diff
libc3m_local.a,11556372,29,/infra/smart_licensing/thirdparty/ciscossl/openssl_1.0.2e/bin-4k-nto/libc3m_local.a
libTAO_IORTable.a,153450,29,/orb/taoorb/lib/bin-4k/libTAO_IORTable.a
libgcov.a,24284,29,/nto/os/lib/bin-4k/libgcov.a
start,0,32,/calvados/shared_pkg/common/nbi_utils/vnbigen/start
libiostream.a,3443112,29,/cplusplus/lib/bin-ppc/libiostream.a
libmisc.a,78618,29,/nto/os/lib/bin-x86e/libmisc.a
libcosim_client.a,38132,29,/cpp/dp/tools/cosim/include/libcosim_client.a
libkd_delay.a,27354,29,/nto/os/lib/bin-ppc/libkd_delay.a
libTFFS55.a,1307454,29,/platforms/hfr/drivers/int_switch/bcm_sdk/etc/systems/vxworks/bmw/mpc824x/tffs/libTFFS55.a
statsd_valgrind.supp,3010,31,/infra/statsd/test/module_ut/src/statsd_valgrind.supp
libTFFS.a,266754,29,/platforms/hfr/drivers/int_switch/bcm_sdk/etc/systems/vxworks/jag/bcm4704/tffs/libTFFS.a
tam_library.a,440066,29,/scc/bin-spitfire-x86_64-linux-spirit/tam_library.a
liblewrapper.dll.sym,0,32,/infra/infra/lewrapper/bin-ppc/liblewrapper.dll.sym
liblewrapper.dll.a,140132,29,/infra/infra/lewrapper/bin-x86e/liblewrapper.dll.a
liblogbook.a,3196,29,/snmp/SR/bin-x86l32/liblogbook.a
libtam_act2.a,670934,29,/os-sdk/repos/cisco/xr/x86/recipes-custom/cisco-act2/files/x86-64/libtam_act2.a
ei_ea_plat_ut_v5-valgrind.log,0,32,/l2protocols/ethernet/infra/test/ut_logs/ei_ea_plat_ut_v5-valgrind.log
libtcl8.4.a,1093246,29,/cpp/tools/ccsh/lib/binos/tcl8.4/lib-x86_64/libtcl8.4.a
libsnmpagent.a,418306,29,/snmp/SR/bin-4k/libsnmpagent.a
libgcc.a,1708500,29,/infra/opflex/bin-x86e/libgcc.a
libcmin2.a,5412,29,/nto/os/lib/bin-x86e/libcmin2.a
libkd_alloc.a,36210,29,/nto/os/lib/bin-ppc/libkd_alloc.a
libpki_client_base.g0.a,127172,29,/crypto/pki_base/bin-x86_64/libpki_client_base.g0.a
cpu_iofpga_rev1_2.rpd.gz,0,32,/calvados/zermatt_pkg/fpd_image/ncs5502/ucode/iofpga/cpu_iofpga_rev1_2.rpd.gz
cli-ref.pdf,958168,46,/mb/runtime/mb-sdk/platform/versions/1.4.0/a6cel-i3qxr/production/doc/Language-User-Guide/cli-ref.pdf
stp_valgrind.supp,654,31,/l2protocols/ethernet/stp/common/test/src/stp_valgrind.supp
v6urpf.pak,0,32,/cpp/dp/obj/mcp/regtest/ipv6/v6urpf.pak
libc3mssl.a,2892682,29,/crypto/toolkit/ciscossl/bin-x86e/libc3mssl.a
libmibtree.a,78500,29,/snmp/SR/bin-x86l32/libmibtree.a
libosysrtdom.a,34482,29,/thirdparty/obj-sys/release/opt/xbinder/c/libgcc4/libosysrtdom.a
ez_testbench.ppt,1696768,36,/platforms/viking/lc/ucode/ezchip/testbench/doc/ez_testbench.ppt
valgrind_sds.supp,853,31,/compmgmt/sds/test/etc/valgrind_sds.supp
valgrind.supp,2060,31,/infra/sla/test/src/valgrind.supp
libosysrt.a,746964,29,/thirdparty/obj-sys/release/usr/lib64/libosysrt.a
mcp_mpls_perf_disp_php_ipc.pak,0,32,/cpp/dp/obj/mcp/regtest/mpls/perf/mcp_mpls_perf_disp_php_ipc.pak
ei_ea_batch_ut-valgrind.log,0,32,/l2protocols/ethernet/infra/test/ut_logs/ei_ea_batch_ut-valgrind.log
libfs-flash3-crsS.a,1501712,29,/platforms/hfr/drivers/bootflash/bin/bin-ppc/libfs-flash3-crsS.a
xcli_console.exe,160256,38,/platforms/hfr/lc/plim_ether/drivers/cameo/src/sdk/xilinx_ip/common_software/xcli_console_application/xcli_console.exe
liblogbook.a,4596,29,/snmp/SR/bin-x86_64-ms/liblogbook.a
NEWS,0,32,/config/validation/yve/utils/cmocka/NEWS
libiostream.a,7834382,29,/infra/opflex/bin-x86e/libiostream.a
libmtd-flash-kd.a,1302992,29,/nto/ioblk/bin/bin-ppc-so/libmtd-flash-kd.a
wininst-6.0.exe,61440,38,/infra/test/tools/python/src/Python-2.7.1/Lib/distutils/command/wininst-6.0.exe
ccc_shell.ico,10134,38,/calvados/boot_pkg/drivers/ccc/ccc_shell/ccc_shell.ico
libmibtable-hybrid.a,17780,29,/snmp/SR/bin-x86e/libmibtable-hybrid.a
pird_ether_ea_test-valgrind.log,0,32,/spp/feature/pird/test/logs/pird_ether_ea_test-valgrind.log
hsrp_bfd_proc_ut-valgrind.log,0,32,/ipv4/hsrp/test/logs/hsrp_bfd_proc_ut-valgrind.log
liblogbook.a,4604,29,/snmp/SR/bin-x86_64-linux/liblogbook.a
libasyncmsg.dll.a,35078,29,/nto/os/lib/bin-ppc-so/libasyncmsg.dll.a
openssl.supp,148,31,/infra/sdn/openflow/openvswitch/openvswitch-1.2.1/tests/openssl.supp
WRS_LICENSE.pdf,255878,46,/platforms/hfr/drivers/int_switch/bcm_sdk/etc/systems/vxworks/idt438/idt438/WRS_LICENSE.pdf
libgcov.a,100150,29,/build/bin-x86l32/4.7.0/libgcov.a
ipv6.pcap.deprecated,0,32,/infra/common-flow-table/test/caps/ipv6.pcap.deprecated
libpcre.a,607204,29,/manageability/http/lighttpd_yang/bin-x86_64/libpcre.a
libc3m.g0.a,12194584,29,/crypto/toolkit/ciscossl/bin-ppc/libc3m.g0.a
libdevb-mvSata-dlS.a,7802,29,/platforms/hfr/drivers/disk/bin/bin-ppc/libdevb-mvSata-dlS.a
libsnmp.a,767270,29,/snmp/SR/bin-4k/libsnmp.a
libgcc.a,909866,29,/build/bin-ppc/4.7.0/libgcc.a
libpcre.a,607204,29,/manageability/http/lighttpd/bin-x86_64/libpcre.a
libsnmp.a,718774,29,/snmp/SR/bin-x86_64-ms/libsnmp.a
libcamS.a,411432,29,/platforms/common/diskcam/bin/bin-ppc/libcamS.a
liblzma.a,266658,29,/platforms/piref/installer/installer_tree/lib/liblzma.a
libTFFS54.a,1397830,29,/platforms/hfr/drivers/int_switch/bcm_sdk/etc/systems/vxworks/bmw/mpc824x/tffs/libTFFS54.a
libiostream.a,10651686,29,/infra/opflex/bin-ppc/libiostream.a
libagent.a,191460,29,/snmp/snmpv3/src/src/noexport/qnx_cisco.lib/libagent.a
cygwinb19.dll,394752,38,/thirdparty/marvell/cpss/sources_4_1_694/tools/bin/cygwinb19.dll
cmp_vcm_test_valgrind.supp,368,31,/infra/cmproxy/vcm/test/src/cmp_vcm_test_valgrind.supp
libpki_client_base.dll.a,74660,29,/crypto/pki_base/bin-4k/libpki_client_base.dll.a
libvnet.a,22042786,29,/platforms/common/gdplane/platform/sunstone/vpp/install-native/libvnet.a
libc3mssl.g0.a,2892682,29,/crypto/toolkit/ciscossl/bin-x86e/libc3mssl.g0.a
libfs-qnx4S.a,538310,29,/nto/qnx4/bin/bin-ppc-so/libfs-qnx4S.a
eth_test_module_macacc-valgrind.log,0,32,/drivers/lib/media/ether/test/modules/logs/eth_test_module_macacc-valgrind.log
libpki_base.g0.a,1570644,29,/crypto/pki_base/bin-x86_64/libpki_base.g0.a
component.db,73652,67,/compmgmt/test/dummy_disk/c12k-rout-3.6.0.1I/instdb/component.db
apichkr.bs,0,32,/.acme_process/triggers/apichkr/auto/apichkr/bin-x86-linux-cel6.2/apichkr.bs
libc3m.a,12154192,29,/crypto/toolkit/ciscossl/bin-x86e/libc3m.a
libcoex-hybrid.a,38616,29,/snmp/SR/bin-x86e/libcoex-hybrid.a
libnpm-qnet-cisco.a,1753126,29,/nto/distrib/lib/bin-x86e/libnpm-qnet-cisco.a
libasyncmsg.a,101146,29,/nto/os/lib/bin-ppc-so/libasyncmsg.a
libnpm-qnet-cisco.a,2030742,29,/nto/distrib/lib/bin-ppc/libnpm-qnet-cisco.a
valgrind.supp,273,31,/l2protocols/ethernet/span/test/src/valgrind.supp
libgcc.a,412028,29,/build/bin-x86e/4.7.0/libgcc.a
libgcc.a,1708500,29,/build/bin-x86e/4.2.1/libgcc.a
libgcc.a,682452,29,/build/bin-4k/4.2.1/libgcc.a
libTFFS55le.a,281588,29,/platforms/hfr/drivers/int_switch/bcm_sdk/etc/systems/vxworks/jag/bcm4704/tffs/libTFFS55le.a
cisco_fpdupx64.efi,14208,31,/platforms/ncs1k/misc/cisco_fpdupx64.efi
libmtd-flash2-ciscoS.a,701142,29,/nto/ioblk/bin/bin-ppc/libmtd-flash2-ciscoS.a
.nojamfile,0,32,/rpc/rpcgen/.nojamfile
libgcc.a,461410,29,/build/bin-ppc-so/3.4.3/libgcc.a
libssl.dll.a-old-RSAlib,571596,29,/crypto/ssl/lib/bin-x86e/libssl.dll.a-old-RSAlib
libdevb-ata-cisco_kernel_dumper.a,693612,29,/platforms/hfr/drivers/disk/bin/bin-ppc/libdevb-ata-cisco_kernel_dumper.a
liblewrapper.dll,0,32,/infra/infra/lewrapper/bin-ppc/liblewrapper.dll
.nojamfile,0,32,/lib/bsd-net/etc/.nojamfile
libmod_xray.a,35964,29,/nto/os/sys/bin-x86e/libmod_xray.a
ipv4_rib_server_test.supp,507,31,/ip/rib/test/etc/ipv4_rib_server_test.supp
libmibtree.a,106640,29,/snmp/SR/bin-4k/libmibtree.a
wininst-9.0.exe,196096,38,/infra/test/tools/python/src/Python-2.7.1/Lib/distutils/command/wininst-9.0.exe
BUILD,0,32,/config/validation/yve/tools/BUILD
EZenv_win_x86.lib,128350,29,/drivers/chips/np/ezchip-4c/src/host/env/bin/win/EZenv_win_x86.lib
wininst-10.0.exe,190976,38,/tools/python3/host/tmp/lib/python3.3/distutils/command/wininst-10.0.exe
libvlib_unix.a,1218540,29,/platforms/common/gdplane/platform/sunstone/vpp/install-native/libvlib_unix.a
ipsec-pi.pdf,635411,46,/mb/runtime/Protocols/src/ipsec/doc/ipsec-pi.pdf
libsupc++.a,584368,29,/infra/opflex/bin-x86e/libsupc++.a
pird_db_hash_test-valgrind.log,0,32,/spp/feature/pird/test/logs/pird_db_hash_test-valgrind.log
slat_lib_db_translate-valgrind.log,0,32,/infra/sla/test/logs/slat_lib_db_translate-valgrind.log
eth_test_driver_ucast_legacy-valgrind.log,0,32,/drivers/lib/media/ether/test/modules/logs/eth_test_driver_ucast_legacy-valgrind.log
libasyncmsg.dll.a,29140,29,/nto/os/lib/bin-4k/libasyncmsg.dll.a
SDK5.pdf,82205,46,/platforms/hfr/drivers/int_switch/bcm_sdk/RELDOCS/OLD/SDK5.pdf
libsnmpv3.a,538644,29,/snmp/SR/bin-x86e/libsnmpv3.a
libsnmpv3.a,343582,29,/snmp/SR/bin-x86l32/libsnmpv3.a
WinDump.exe,569344,38,/calvados/boot_pkg/drivers/ccc/ccc_shell/raw_packet/winpcap/downloads/WinDump.exe
BUILD,0,32,/config/validation/yve/python/BUILD
ei_ea_db_ut-valgrind.log,0,32,/l2protocols/ethernet/infra/test/ut_logs/ei_ea_db_ut-valgrind.log
test_issu_comms-valgrind.log,0,32,/spirit/issu/infra/test/test_logs/test_issu_comms-valgrind.log
libgcc.a,550246,29,/infra/opflex/bin-ppc/libgcc.a
dspu.db,6640,67,/compmgmt/test/samples/dspu.db
libmod_xray.a,30472,29,/nto/os/sys/bin-4k/libmod_xray.a
libucl.a,158630,29,/nto/os/lib/bin-x86e/libucl.a
libosysrtdom.a,32570,29,/thirdparty/obj-sys/release/opt/xbinder/c/libgcc3/libosysrtdom.a
libcam-diskS.a,70118,29,/platforms/common/diskcam/bin/bin-ppc-so/libcam-diskS.a
libcrypto_error_base.g0.a,9362,29,/crypto/pki_base/bin-x86_64/libcrypto_error_base.g0.a
libc3mssl.a,2750178,29,/crypto/toolkit/ciscossl/bin-4k/libc3mssl.a
libxml2.a,1717012,29,/thirdparty/obj-sys/release/opt/xbinder/c/libgcc4/libxml2.a
wininst-6.0.exe,61440,38,/tools/python3/host/tmp/lib/python3.3/distutils/command/wininst-6.0.exe
libsnmpv3-hybrid.a,338406,29,/snmp/SR/bin-x86e/libsnmpv3-hybrid.a
n9000-mv-armada-xp-patches.scc,0,32,/os-sdk/repos/windriver/cgl/recipes-kernel/linux/linux-windriver-3.14/n9000/mv-armada-xp/n9000-mv-armada-xp/n9000-mv-armada-xp-patches.scc
libcamS.a,448332,29,/platforms/common/diskcam/bin/bin-ppc-so/libcamS.a
libBcm1250HwPrivate.a,45856,29,/platforms/hfr/drivers/int_switch/bcm_sdk/etc/systems/vxworks/nsx/vxworks5x/bcm1125/libBcm1250HwPrivate.a
tclkit.exe,968383,38,/calvados/boot_pkg/drivers/ccc/ccc_shell/tclkit.exe
libmod_cisco.a,807822,29,/nto/os/sys/bin-ppc/libmod_cisco.a
libfs-dos-cisco_kernel_dumper.a,546884,29,/nto/ioblk/bin/bin-ppc/libfs-dos-cisco_kernel_dumper.a
libxray.dll.a,8224,29,/nto/os/lib/bin-ppc/libxray.dll.a
inst_cut.supp,1101,31,/infra/install/test/tools/etc/inst_cut.supp
libTAO_PortableServer.a,4776470,29,/orb/taoorb/lib/bin-4k/libTAO_PortableServer.a
libpcreposix.a,17200,29,/manageability/http/lighttpd_yang/bin-x86_64/libpcreposix.a
pird_bm_adj_test-valgrind.log,0,32,/spp/feature/pird/test/logs/pird_bm_adj_test-valgrind.log
libmtd-flash-kd.a,2514656,29,/nto/os/lib/bin-ppc/libmtd-flash-kd.a
libboostsys.a,79714,29,/infra/opflex/bin-ppc/libboostsys.a
libcrypto_client_base.dll.a,250928,29,/crypto/pki_base/bin-x86e/libcrypto_client_base.dll.a
pird_db_test-valgrind.log,0,32,/spp/feature/pird/test/logs/pird_db_test-valgrind.log
libcepki_utils_base.g0.a,31370,29,/crypto/pki_base/bin-x86_64/libcepki_utils_base.g0.a
libcrypto_ecdsa.dll.a,1013754,29,/crypto/pki_base/bin-x86e/libcrypto_ecdsa.dll.a
lw_ut_test_out_client2,0,32,/infra/test/linux/test/logs/lw_ut_test_out_client2
libTFFS54.a,300190,29,/platforms/hfr/drivers/int_switch/bcm_sdk/etc/systems/vxworks/jag/bcm4704/tffs/libTFFS54.a
liblewrapper.dll,0,32,/infra/infra/lewrapper/bin-4k/liblewrapper.dll
palpkg.j2z,38826,31,/manageability/CTC/etc/palpkg.j2z
test-aug-rules-errors.log,0,32,/config/validation/yve/compiler/test/expected_output/test-aug-rules-errors.log
libsnmpv3.a,476426,29,/snmp/SR/bin-x86_64-linux/libsnmpv3.a
liblzo.a,621618,29,/nto/os/lib/bin-x86e/liblzo.a
libmq.dll.a,32518,29,/nto/os/lib/bin-4k/libmq.dll.a
adjacency_api_ut-valgrind.log,0,32,/l2protocols/ethernet/infra/test/ut_logs/adjacency_api_ut-valgrind.log
libssl.a,2852576,29,/nto/io-pkt/lib/bin-ppc/libssl.a
libagent.a,158138,29,/snmp/SR/bin-x86_64/libagent.a
ether_encaps_attr_test-valgrind.log,0,32,/l2protocols/ethernet/infra/test/ut_logs/ether_encaps_attr_test-valgrind.log
libmibtable.a,50278,29,/snmp/SR/bin-x86_64/libmibtable.a
libssl.dll.a,914980,29,/crypto/ssl/lib/bin-ppc-so/libssl.dll.a
jviews.j2z,1028411,31,/manageability/CTC/etc/jviews.j2z
valgrind_loadpath.supp,2921,31,/compmgmt/versmgr/loadpath/test/etc/valgrind_loadpath.supp
libEZagent_wrap.a,5869186,29,/platforms/viking/lc/prm/ezlib/bin-ppc/libEZagent_wrap.a
libsnmp.a,989756,29,/snmp/SR/bin-x86e/libsnmp.a
libsupc++.a,451704,29,/cplusplus/lib/bin-ppc-so/libsupc++.a
component.db,1110636,67,/compmgmt/test/dummy_disk/c12k-base-3.6.0.1I/instdb/component.db
zermattTurin-v1_0.bin.gz,0,32,/calvados/zermatt_pkg/fpd_image/ncs5502/ucode/bios/zermattTurin-v1_0.bin.gz
install_oper_changes.sch,0,32,/infra/install/src/install_oper_changes.sch
slat_lib_distrib-valgrind.log,0,32,/infra/sla/test/logs/slat_lib_distrib-valgrind.log
libenki.g0.a,137424,29,/infra/license/enki/bin-x86e/libenki.g0.a
libmibtable.a,33166,29,/snmp/SR/bin-x86_64-linux-spirit/libmibtable.a
libm.dll.a,898758,29,/nto/os/lib/bin-x86e/libm.dll.a
libiostream.a,585140,29,/cplusplus/lib/bin-ppc-so/libiostream.a
mcp_mpls_perf_imposition_ipc.pak,0,32,/cpp/dp/obj/mcp/regtest/mpls/perf/mcp_mpls_perf_imposition_ipc.pak
liblewrapper.dll.a,0,32,/infra/infra/lewrapper/bin-ppc/liblewrapper.dll.a
.nojamfile,0,32,/test-dll/.nojamfile
libiostream.a,769762,29,/cplusplus/lib/bin-4k/libiostream.a
win32com.dll.win,27648,38,/manageability/cwi/etc/win32com.dll.win
libsnmpagent.a,440774,29,/snmp/SR/bin-x86_64-ms/libsnmpagent.a
tclkit.exe,968383,38,/platforms/viking/lc/ucode/ezchip/tools/src/struct_view/src/tclkit.exe
unzip.exe,102400,38,/thirdparty/marvell/cpss/sources_4_1_694/tools/bin/unzip.exe
valgrind_instcmd.supp,4856,31,/compmgmt/installmgr/cli/test/etc/valgrind_instcmd.supp
.nosa,0,32,/ha/call-home/test/src/.nosa
libcryptoqnx.a,9324546,29,/infra/opflex/bin-ppc/libcryptoqnx.a
libvlib_unix.a,976692,29,/platforms/common/gdplane/platform/sunstone/vpp/install-debug-native/libvlib_unix.a
libTAO_CosNotification.a,6881864,29,/orb/taoorb/lib/bin-ppc/libTAO_CosNotification.a
libprotoc.a,12772448,29,/calvados/shared_pkg/common/protobuf/lib/libprotoc.a
libfs-qnx4S.a,538310,29,/nto/qnx4/bin/bin-ppc/libfs-qnx4S.a
libgcov.a,107886,29,/linux/os/lib/bin-x86_64/libgcov.a
ccc_shell.ico,10134,38,/calvados/boot_pkg/drivers/ccc/ccc_shell2/ccc_shell.ico
libmq.a,30138,29,/nto/os/lib/bin-x86e/libmq.a
pird_classify_test-valgrind.log,0,32,/spp/feature/pird/test/logs/pird_classify_test-valgrind.log
.component_root,0,32,/manageability/sla/.component_root
ctx_api_test-valgrind.log,0,32,/spp/core/test/logs/ctx_api_test-valgrind.log
valgrind.supp,2198,31,/platforms/viking/lc/feature/ipsub/src/valgrind.supp
ctf-all-instrumented-libc.dll.a,2317578,29,/ctf/mgr/lib/bin-4k/ctf-all-instrumented-libc.dll.a
libsupc++.a,584368,29,/cplusplus/lib/bin-x86e/libsupc++.a
test-macros-errors.log,0,32,/config/validation/yve/compiler/test/expected_output/test-macros-errors.log
.nojamfile,0,32,/util/docx/.nojamfile
valgrind.supp,1,31,/l2protocols/ethernet/edpl/test/mut/valgrind.supp
ccc_shell.exe,1571470,38,/calvados/boot_pkg/drivers/ccc/ccc_shell/ccc_shell.exe
hsrp_ha_ut-valgrind.log,0,32,/ipv4/hsrp/test/logs/hsrp_ha_ut-valgrind.log
libagent.a,317818,29,/snmp/SR/bin-ppc-so/libagent.a
BoostSponsorshipAgreement.pdf,248822,46,/infra/opflex/include/boost_1_59_0/more/BoostSponsorshipAgreement.pdf
libopflex.a,67397760,29,/infra/opflex/bin-x86_64/libopflex.a
stile_http_skype.pak,0,32,/cpp/dp/obj/mcp/regtest/stile/stile_http_skype.pak
N2010121_FirmwareLicense_noRedistribution.pdf,32888,46,/os-sdk/repos/cisco/bsp/x86/recipes-bsp/fwupgrade/fwupgrade-1.0/ssd/Intel/MR2-DV/N2010121_FirmwareLicense_noRedistribution.pdf
libio-blkS.a,1422544,29,/nto/ioblk/bin/bin-ppc/libio-blkS.a
EZvpci_linux_ppc.a,53285,29,/drivers/chips/np/ezchip-4c/src/host/vpci/bin/linux/EZvpci_linux_ppc.a
edt_cut.supp,670,31,/infra/error-disable/test/src/edt_cut.supp
liblogbook-hybrid.a,2628,29,/snmp/SR/bin-x86e/liblogbook-hybrid.a
libmibtable.a,24710,29,/snmp/SR/bin-x86/libmibtable.a
eth_test_module_errdis-valgrind.log,0,32,/drivers/lib/media/ether/test/modules/logs/eth_test_module_errdis-valgrind.log
bootx64.efi,817152,38,/platforms/ncs1k/misc/bootx64.efi
EZagent_win_x86.lib,307102,29,/drivers/chips/np/ezchip-4c/src/host/agent/bin/win/EZagent_win_x86.lib
libatomic.a,357330,29,/platforms/common/gdplane/platform/sunstone/vpp/install-debug-native/libatomic.a
libssl.g0.a,1028498,29,/crypto/ssl/lib/bin-x86e/libssl.g0.a
valgrind.supp,2199,31,/l2protocols/ethernet/oam/cfm/test/ut/valgrind.supp
libc.dll.a,4143362,29,/nto/os/lib/bin-x86e/libc.dll.a
spp_pblk_test-valgrind.log,0,32,/spp/core/test/logs/spp_pblk_test-valgrind.log
tc_server_test.supp,526,31,/infra/tc/test/etc/tc_server_test.supp
libc3m_local.a,12134022,29,/infra/smart_licensing/thirdparty/ciscossl/openssl_1.0.2e/bin-x86e-nto/libc3m_local.a
libsnmpv3.a,399456,29,/snmp/SR/bin-x86/libsnmpv3.a
version.ini,0,32,/infra/onep/presentation/java/.metadata/version.ini
libTAO_CosNotification.a,11761350,29,/orb/taoorb/lib/bin-4k/libTAO_CosNotification.a
libcam-cisco_kernel_dumper.a,398284,29,/platforms/common/diskcam/bin/bin-ppc-so/libcam-cisco_kernel_dumper.a
libgcc.a,6032560,29,/build/bin-x86l32/4.7.0/libgcc.a
libc3mssl_local.a,2663406,29,/infra/smart_licensing/thirdparty/ciscossl/openssl_1.0.2e/bin-4k-nto/libc3mssl_local.a
n9000-x86-64-gdb-patches.scc,0,32,/os-sdk/repos/windriver/cgl/recipes-kernel/linux/linux-windriver-3.14/n9000/x86/n9000-x86-64-gdb/n9000-x86-64-gdb-patches.scc
wininst-8.0.exe,61440,38,/tools/python3/host/tmp/lib/python3.3/distutils/command/wininst-8.0.exe
libmtd-flash-kd.a,2514656,29,/nto/os/lib/bin-ppc-so/libmtd-flash-kd.a
libcam-disk-cisco-static640.a,69498,29,/platforms/common/diskcam/bin/bin-ppc-so/libcam-disk-cisco-static640.a
liblzo.a,574038,29,/nto/os/lib/bin-4k/liblzo.a
ELE.j2z,23401771,31,/manageability/CTC/etc/ELE.j2z
tam_lib_objname.a,40450,29,/scc/bin-x86_64-linux-spirit/tam_lib_objname.a
ei_ea_mac_acc_core_ut-valgrind.log,0,32,/l2protocols/ethernet/infra/test/ut_logs/ei_ea_mac_acc_core_ut-valgrind.log
authorized_keys,0,32,/os-sdk/repos/cisco/xr/x86/recipes-custom/cisco-users/files/authorized_keys
dspu.db,6112,67,/compmgmt/test/dummy_disk/c12k-rout-3.6.0.1I/instdb/dspu.db
libcacheS.a,27246,29,/nto/ioblk/bin/bin-ppc-so/libcacheS.a
libfs-flash3S.a,1498100,29,/nto/ioblk/bin/bin-ppc/libfs-flash3S.a
libssl.dll.a-old-RSAlib,914972,29,/crypto/ssl/lib/bin-ppc/libssl.dll.a-old-RSAlib
libgcc.a,10605040,29,/build/bin-x86_64/4.7.0/libgcc.a
dspu.db,34116,67,/compmgmt/test/dummy_disk/c12k-base-3.6.0.1I/instdb/dspu.db
libftd2xx.a.32bit,222224,29,/platforms/scapa/drivers/furia/furia_app/libftd2xx.a.32bit
libTAO_Security.a,3141290,29,/orb/taoorb/lib/bin-4k/libTAO_Security.a
libusbdi.a,396870,29,/nto/usb/bin/bin-ppc/libusbdi.a
libfs-flash-cisco_kernel_dumper.a,2338226,29,/nto/ioblk/bin/bin-ppc/libfs-flash-cisco_kernel_dumper.a
egrep.exe,80412,38,/thirdparty/marvell/cpss/sources_4_1_694/tools/bin/egrep.exe
testbench_npsl.mdb,1843200,37,/platforms/viking/lc/ucode/ezchip/src/cfg/structs/testbench_npsl.mdb
libsnmp.a,837936,29,/snmp/SR/bin-x86_64-linux/libsnmp.a
pycon06-IntroToPyparsing-notes.pdf,82733,46,/mb/runtime/Protocols/scripts/pyparsing-2.0.1/docs/pycon06-IntroToPyparsing-notes.pdf
libmq.dll.a,38866,29,/nto/os/lib/bin-ppc/libmq.dll.a
pird_nodeset_test-valgrind.log,0,32,/spp/feature/pird/test/logs/pird_nodeset_test-valgrind.log
wininst-10.0-amd64.exe,222208,38,/tools/python3/host/tmp/lib/python3.3/distutils/command/wininst-10.0-amd64.exe
libmod_cisco.a,807198,29,/nto/os/sys/bin-ppc-so/libmod_cisco.a
libftd2xx.a,266594,29,/drivers/chips/ether/bcm54195/seahawks/src/seahawks_reference_app/libftd2xx.a
libdevf-scrp-kd.a,203382,29,/nto/ioblk/bin/bin-ppc/libdevf-scrp-kd.a
libmq.dll.a,35330,29,/nto/os/lib/bin-x86e/libmq.dll.a
libxray.a,12838,29,/nto/os/lib/bin-x86e/libxray.a
liblogbook.a,4084,29,/snmp/SR/bin-4k/liblogbook.a
libc.a,8346208,29,/nto/os/lib/bin-x86e/libc.a
ccv_valgrind.supp,910,31,/config/validation/ccv/test/ccv_valgrind.supp
liblogbook.a,3980,29,/snmp/snmpv3/src/src/noexport/qnx_cisco.lib/liblogbook.a
libexpat.a,315846,29,/thirdparty/obj-sys/release/usr/lib64/libexpat.a
libTAO_Svc_Utils.a,43024,29,/orb/taoorb/lib/bin-ppc/libTAO_Svc_Utils.a
mcp_mpls_perf_disp_uhp_ipc.pak,0,32,/cpp/dp/obj/mcp/regtest/mpls/perf/mcp_mpls_perf_disp_uhp_ipc.pak
libcrypto_ecdsa.g0.a,46884,29,/crypto/pki_base/bin-4k/libcrypto_ecdsa.g0.a
libc3m.a,11904898,29,/crypto/toolkit/ciscossl/bin-x86/libc3m.a
valgrind-python.supp,6815,31,/infra/test/tools/python/src/Python-2.7.1/Misc/valgrind-python.supp
liblewrapper.dll.sym,0,32,/infra/infra/lewrapper/bin-4k/liblewrapper.dll.sym
libc3mssl.g0.a,2750178,29,/crypto/toolkit/ciscossl/bin-4k/libc3mssl.g0.a
libc.dll.a,8054284,29,/nto/os/lib/bin-4k/libc.dll.a
slat_lib_probe-valgrind.log,0,32,/infra/sla/test/logs/slat_lib_probe-valgrind.log
libenki.g0.a,226068,29,/infra/license/enki/bin-ppc-so/libenki.g0.a
liblewrapper.dll.a,0,32,/infra/infra/lewrapper/bin-4k/liblewrapper.dll.a
libmq.a,36530,29,/nto/os/lib/bin-ppc-so/libmq.a
libio-blkS.a,1250456,29,/nto/ioblk/bin/bin-x86e/libio-blkS.a
libsocket_qnx.dll.a,895656,29,/nto/io-pkt/lib/bin-ppc/libsocket_qnx.dll.a
libtamact2_flexr.a,311082,29,/scc/bin-x86_64-linux-spirit/libtamact2_flexr.a
hsrp_startup_ut-valgrind.log,0,32,/ipv4/hsrp/test/logs/hsrp_startup_ut-valgrind.log
valgrind.supp,814,31,/l2protocols/ethernet/oam/link-oam/test/xr/src/valgrind.supp
python.supp,10811,31,/tools/python3/shared/etc/python.supp
libdevb-umassS.a,313006,29,/nto/usb/bin/bin-ppc/libdevb-umassS.a
bzip2.exe,38400,38,/thirdparty/marvell/cpss/sources_4_1_694/tools/bin/bzip2.exe
.component_root,0,32,/ip/mobileip/.component_root
libcmin.a,20992,29,/nto/os/lib/bin-ppc/libcmin.a
libsnmpv3.a,1207294,29,/snmp/SR/bin-ppc-so/libsnmpv3.a
libpcrecpp.a,51638,29,/manageability/http/lighttpd_yang/bin-x86_64/libpcrecpp.a
libmibtable.a,52678,29,/snmp/snmpv3/src/src/noexport/qnx_cisco.lib/libmibtable.a
.or_persist,0,32,/.ACMEROOT/.or_persist
liblogbook.a,3700,29,/snmp/SR/bin-ppc/liblogbook.a
.nojamfile,0,32,/infra/infra_test/lpts/.nojamfile
libdevf-scrp-kd.a,203382,29,/nto/os/lib/bin-ppc-so/libdevf-scrp-kd.a
libmibtree.a,121680,29,/snmp/snmpv3/src/src/noexport/qnx_cisco.lib/libmibtree.a
makedepend.exe,106496,38,/thirdparty/marvell/cpss/sources_4_1_694/tools/bin/makedepend.exe
libagent.a,74786,29,/snmp/SR/bin-x86l32/libagent.a
libTAO_CosNaming.a,2106018,29,/orb/taoorb/lib/bin-4k/libTAO_CosNaming.a
libagent.a,123066,29,/snmp/SR/bin-x86_64-linux-spirit/libagent.a
dspu.db,8236,67,/compmgmt/test/dummy_disk/c12k-admin-3.6.0.1I/instdb/dspu.db
libclib.a,2190638,29,/platforms/common/gdplane/platform/sunstone/vpp/install-debug-native/libclib.a
libenki.g0.a,226068,29,/infra/license/enki/bin-ppc/libenki.g0.a
pird_valgrind.supp,2556,31,/spp/feature/pird/test/pird_valgrind.supp
pird_punt_test-valgrind.log,0,32,/spp/feature/pird/test/logs/pird_punt_test-valgrind.log
libdrvr.a,148250,29,/nto/os/lib/bin-ppc-so/libdrvr.a
libcam-diskS.a,82714,29,/platforms/common/diskcam/bin/bin-ppc/libcam-diskS.a
EZtbs_linux_ppc.a,13038,29,/drivers/chips/np/ezchip-4c/src/host/tbs/bin/linux/EZtbs_linux_ppc.a
libkbpBRCM12K.g0.a,6601082,29,/drivers/chips/tcam/Broadcom/BRCM12K/bin-x86e-nto/libkbpBRCM12K.g0.a
libsslqnx.a,2311648,29,/infra/opflex/bin-x86e/libsslqnx.a
libbsafe_lite.a,942464,29,/compmgmt/css/rsa/bin-x86-linux/libbsafe_lite.a
mcp_mpls_perf_swap_ipc.pak,0,32,/cpp/dp/obj/mcp/regtest/mpls/perf/mcp_mpls_perf_swap_ipc.pak
AWK.EXE,122368,38,/thirdparty/marvell/cpss/sources_4_1_694/tools/bin/AWK.EXE
pak2.pak,0,32,/cpp/dp/obj/mcp/regtest/nat/ha/pak2.pak
grep.exe,102400,38,/thirdparty/marvell/cpss/sources_4_1_694/tools/bin/grep.exe
libgcc.a,461410,29,/build/bin-ppc/3.4.3/libgcc.a
.pwd.lock,0,32,/platforms/piref/installer/installer_tree/etc/.pwd.lock
ipv4_rump_test.supp,827,31,/ip/rib/test/etc/ipv4_rump_test.supp
libmod_xray.a,35852,29,/nto/os/sys/bin-ppc/libmod_xray.a
ei_ea_plat_ut_v1-valgrind.log,0,32,/l2protocols/ethernet/infra/test/ut_logs/ei_ea_plat_ut_v1-valgrind.log
libio-blk-cisco_kernel_dumper.a,1573816,29,/nto/ioblk/bin/bin-ppc-so/libio-blk-cisco_kernel_dumper.a
libdl.g0.a,41678,29,/nto/os/lib/bin-ppc/libdl.g0.a
libmibtable.a,29618,29,/snmp/SR/bin-4k/libmibtable.a
hsrp_db_ut-valgrind.log,0,32,/ipv4/hsrp/test/logs/hsrp_db_ut-valgrind.log
libkbpBRCM12K.g0.a,16077636,29,/drivers/chips/tcam/Broadcom/BRCM12K/bin-x86_64-linux-spirit/libkbpBRCM12K.g0.a
libmibtree.a,113308,29,/snmp/SR/bin-x86_64-linux/libmibtree.a
libenki.g0.a,215662,29,/infra/license/enki/bin-4k/libenki.g0.a
libcoex.a,60050,29,/snmp/SR/bin-ppc/libcoex.a
test_issu_end_to_end-valgrind.log,0,32,/spirit/issu/infra/test/test_logs/test_issu_end_to_end-valgrind.log
libmtd-flash-kd.a,1302992,29,/nto/ioblk/bin/bin-ppc/libmtd-flash-kd.a
test_issu_suppressions.supp,8681,31,/spirit/issu/infra/test/etc/test_issu_suppressions.supp
libps.g0.a,66452,29,/nto/os/lib/bin-x86e/libps.g0.a
libmibtree.a,140784,29,/snmp/SR/bin-x86e/libmibtree.a
NET.j2z,5387001,31,/manageability/CTC/etc/NET.j2z
spp_handover_queue_test-valgrind.log,0,32,/spp/core/test/logs/spp_handover_queue_test-valgrind.log
eth_test_client_ucast-valgrind.log,0,32,/drivers/lib/media/ether/test/modules/logs/eth_test_client_ucast-valgrind.log
libTAO_SSLIOP.a,769430,29,/orb/taoorb/lib/bin-ppc/libTAO_SSLIOP.a
libTAO.a,8782942,29,/orb/taoorb/lib/bin-4k/libTAO.a
libgcc.a,573310,29,/build/bin-4k/3.4.3/libgcc.a
libmibtable.a,37602,29,/snmp/SR/bin-ppc/libmibtable.a
libdevb-ata-dlS.a,7798,29,/platforms/hfr/drivers/disk/bin/bin-ppc/libdevb-ata-dlS.a
libkbpBRCM12K.g0.a,7971322,29,/drivers/chips/tcam/Broadcom/BRCM12K/bin-ppc-nto/libkbpBRCM12K.g0.a
NEWS,0,32,/crypto/tams/tamservices/NEWS
wininst-9.0.exe,196096,38,/tools/python3/host/tmp/lib/python3.3/distutils/command/wininst-9.0.exe
libgcc_math.g0.a,5064,29,/nto/os/lib/bin-4k/libgcc_math.g0.a
libxray.a,15550,29,/nto/os/lib/bin-ppc-so/libxray.a
spp_handover_ctrl_test-valgrind.log,0,32,/spp/core/test/logs/spp_handover_ctrl_test-valgrind.log
libasyncmsg.a,90418,29,/nto/os/lib/bin-x86e/libasyncmsg.a
libc3m.g0.a,11766164,29,/crypto/toolkit/ciscossl/bin-4k/libc3m.g0.a
libexpat.a,241222,29,/thirdparty/obj-sys/release/opt/xbinder/c/libgcc3/libexpat.a
libsnmp.a,957536,29,/snmp/SR/bin-x86_64-linux-spirit/libsnmp.a
libc3mssl_local.a,2844022,29,/infra/smart_licensing/thirdparty/ciscossl/openssl_1.0.2e/bin-x86-gcc/libc3mssl_local.a
AHE.mdb,749388,37,/drivers/chips/np/ezchip/src/EZdriver_NP_3c_10.26a/EZhostSamples/APIHostExample/EZmde_Proj/TMcfg/AHE.mdb
libc3m_local.a,12177048,29,/infra/smart_licensing/thirdparty/ciscossl/openssl_1.0.2e/bin-ppc-nto/libc3m_local.a
test_ism_fm_db-valgrind.log,0,32,/spirit/issu/infra/test/test_logs/test_ism_fm_db-valgrind.log
libsoftfp.g0.a,40416,29,/nto/os/lib/bin-x86e/libsoftfp.g0.a
libmod_cisco.a,756046,29,/nto/os/sys/bin-x86e/libmod_cisco.a
libboostthread.a,998838,29,/infra/opflex/bin-x86e/libboostthread.a
libdevb-eide-cisco_kernel_dumper.a,2424978,29,/platforms/hfr/drivers/disk/bin/bin-ppc/libdevb-eide-cisco_kernel_dumper.a
libdevb-ahciS.a,546356,29,/nto/ioblk/bin/bin-x86e/libdevb-ahciS.a
libmod_cisco.a,763664,29,/nto/os/sys/bin-4k/libmod_cisco.a
libxml2.a,1691204,29,/thirdparty/obj-sys/release/opt/xbinder/c/libgcc3/libxml2.a
openssl.supp,148,31,/infra/sdn/openflow/openvswitch/openvswitch-1.4.0/tests/openssl.supp
libosysdomapi.a,8754,29,/thirdparty/obj-sys/release/opt/xbinder/c/libgcc3/libosysdomapi.a
libm.a,1634932,29,/nto/os/lib/bin-ppc-so/libm.a
ei_ea_plat_ut_v2-valgrind.log,0,32,/l2protocols/ethernet/infra/test/ut_logs/ei_ea_plat_ut_v2-valgrind.log
ether_caps_partner_db_test-valgrind.log,0,32,/l2protocols/ethernet/infra/test/ut_logs/ether_caps_partner_db_test-valgrind.log
libmq.a,28218,29,/nto/os/lib/bin-4k/libmq.a
spp_imdr_test-valgrind.log,0,32,/spp/core/test/logs/spp_imdr_test-valgrind.log
test_ism_lib_classic-valgrind.log,0,32,/spirit/issu/infra/test/test_logs/test_ism_lib_classic-valgrind.log
libsnmpv3.a,552578,29,/snmp/SR/bin-x86_64-linux-spirit/libsnmpv3.a
libcrypto_ecdsa.dll.a,19410,29,/crypto/pki_base/bin-4k/libcrypto_ecdsa.dll.a
libsoftfp.g0.a,41984,29,/nto/os/lib/bin-4k/libsoftfp.g0.a
libssl_x86_64.a,712188,29,/manageability/http/lighttpd_yang/bin-x86_64/libssl_x86_64.a
libfs-flash-cisco_kernel_dumper.a,2329022,29,/platforms/viking/debug/kernel_dumper/lib/bin-ppc-so/libfs-flash-cisco_kernel_dumper.a
libucl.a,173258,29,/nto/os/lib/bin-ppc-so/libucl.a
libpcap.a,338494,29,/calvados/boot_pkg/drivers/ccc/ccc_shell/raw_packet/libpcap-1.0.0/libpcap.a
component.db,335664,67,/compmgmt/test/dummy_disk/c12k-fwdg-3.6.0.1I/instdb/component.db
EZdat.VxWorks_Pentium.dat,0,32,/drivers/chips/np/ezchip/src/EZdriver_NP_3c_10.26a/EZhostSamples/APIHostExample/Utils/EZdat.VxWorks_Pentium.dat
libps.g0.a,77460,29,/nto/os/lib/bin-ppc-so/libps.g0.a
eth_test_module_policy-valgrind.log,0,32,/drivers/lib/media/ether/test/modules/logs/eth_test_module_policy-valgrind.log
libdl.g0.a,38716,29,/nto/os/lib/bin-4k/libdl.g0.a
c12000_egress_pal_lookup.cpp,0,32,/cpp/dp/tools/crpg/src/c12000_egress_pal_lookup.cpp
libosysrtjson.a,121806,29,/thirdparty/obj-sys/release/opt/xbinder/c/libgcc4/libosysrtjson.a
.component_root,0,32,/ip/lisp/.component_root
185test.db,16384,67,/infra/test/tools/python/src/Python-2.7.1/Lib/test/185test.db
pycon.ico,19790,38,/infra/test/tools/python/src/Python-2.7.1/PC/pycon.ico
libsnmp.a,586712,29,/snmp/SR/bin-x86l32/libsnmp.a
mut_suppressions.supp,2899,31,/calvados/system_pkg/issu/test/mut/etc/mut_suppressions.supp
libsnmpagent.a,439726,29,/snmp/SR/bin-x86_64-linux/libsnmpagent.a
libdevb-eide-dlS.a,46586,29,/platforms/hfr/drivers/disk/bin/bin-ppc-so/libdevb-eide-dlS.a
IF.j2z,7460431,31,/manageability/CTC/etc/IF.j2z
libNetCommSwS.g0.a,3660940,29,/platforms/viking/drivers/dpaa/bin/bin-ppc/libNetCommSwS.g0.a
libosysrt.a,733636,29,/thirdparty/obj-sys/release/opt/xbinder/c/libgcc3/libosysrt.a
libctf-libc-ppc.dll.a,2551488,29,/ctf/mgr/lib/bin-4k/libctf-libc-ppc.dll.a
libio-char.g0.a,766210,29,/nto/os/lib/bin-ppc/libio-char.g0.a
libatomic.a,357330,29,/platforms/common/gdplane/platform/sunstone/vpp/install-native/libatomic.a
libxray.a,15550,29,/nto/base/lib/bin-ppc/libxray.a
libc.a,9414854,29,/nto/os/lib/bin-ppc-so/libc.a
libc.dll.a,4721570,29,/nto/os/lib/bin-ppc-so/libc.dll.a
mkdir.exe,22016,38,/thirdparty/marvell/cpss/sources_4_1_694/tools/bin/mkdir.exe
Release_Notes_1_10_1.pdf,134922,46,/drivers/chips/otn/t100/src/sdk/doc/Release_Notes_1_10_1.pdf
libmtd-flash2-ciscoS.a,701142,29,/nto/ioblk/bin/bin-ppc-so/libmtd-flash2-ciscoS.a
eth_test_module_ucast-valgrind.log,0,32,/drivers/lib/media/ether/test/modules/logs/eth_test_module_ucast-valgrind.log
libtbmdbg.a,169800,29,/cpp/dp/tools/crpg/obj/libtbmdbg.a
eth_test_module_regexp-valgrind.log,0,32,/drivers/lib/media/ether/test/modules/logs/eth_test_module_regexp-valgrind.log
libcoex.a,152082,29,/snmp/SR/bin-ppc-so/libcoex.a
libstdcpp.a,16027914,29,/infra/opflex/bin-x86_64/libstdcpp.a
libnpm-qnet-cisco.a,1621802,29,/nto/distrib/lib/bin-4k/libnpm-qnet-cisco.a
ei_ea_stats_ut-valgrind.log,0,32,/l2protocols/ethernet/infra/test/ut_logs/ei_ea_stats_ut-valgrind.log
libosysrtxml.a,595770,29,/thirdparty/obj-sys/release/usr/lib64/libosysrtxml.a
eth_test_module_stats-valgrind.log,0,32,/drivers/lib/media/ether/test/modules/logs/eth_test_module_stats-valgrind.log
eth_netio_bdl_list_ut-valgrind.log,0,32,/l2protocols/ethernet/infra/test/ut_logs/eth_netio_bdl_list_ut-valgrind.log
lib_dl.g0.a,61404,29,/nto/os/lib/bin-x86e/lib_dl.g0.a
libdrvrS.a,180074,29,/nto/ioblk/bin/bin-ppc/libdrvrS.a
valgrind_notify.supp,5604,31,/compmgmt/notify/test/etc/valgrind_notify.supp
pird_db_mm_test-valgrind.log,0,32,/spp/feature/pird/test/logs/pird_db_mm_test-valgrind.log
libACE_SSL.a,60880,29,/orb/taoorb/lib/bin-ppc/libACE_SSL.a
libsnmp.a,1479298,29,/snmp/snmpv3/src/src/noexport/qnx_cisco.lib/libsnmp.a
WinPcap_3_1.exe,467181,38,/calvados/boot_pkg/drivers/ccc/ccc_shell/raw_packet/winpcap/downloads/WinPcap_3_1.exe
libmtd-flash2-kd.a,2517006,29,/nto/ioblk/bin/bin-ppc/libmtd-flash2-kd.a
wininst-9.0-amd64.exe,223744,38,/infra/test/tools/python/src/Python-2.7.1/Lib/distutils/command/wininst-9.0-amd64.exe
.component_root,0,32,/infra/xoslib/.component_root
libTAO_DynamicAny.a,640862,29,/orb/taoorb/lib/bin-ppc/libTAO_DynamicAny.a
libmtd-flash2.a,725188,29,/nto/os/lib/bin-x86e/libmtd-flash2.a
libssl.so.consumers.pdl-old-RSAlib,0,32,/crypto/ssl/lib/bin-x86_64/libssl.so.consumers.pdl-old-RSAlib
apichkr.bs,0,32,/tools/lib/apichkr/auto/apichkr/bin-x86-linux-cel6.2/apichkr.bs
libTFFS.a,264206,29,/platforms/hfr/drivers/int_switch/bcm_sdk/etc/systems/vxworks/mbz/bcm4702/tffs/libTFFS.a
libsnmpagent.a,390462,29,/snmp/SR/bin-x86/libsnmpagent.a
libTAO_DynamicAny.a,1070292,29,/orb/taoorb/lib/bin-4k/libTAO_DynamicAny.a
libremote.a,133616,29,/infra/testtools/remote/lib/bin-ppc/libremote.a
spp_vtio2_test-valgrind.log,0,32,/spp/feature/pird/test/logs/spp_vtio2_test-valgrind.log
libssl_x86_64.a,712188,29,/manageability/http/lighttpd/bin-x86_64/libssl_x86_64.a
WRS_LICENSE.pdf,255878,46,/platforms/hfr/drivers/int_switch/bcm_sdk/etc/systems/vxworks/mbz/bcm4702/WRS_LICENSE.pdf
libps.g0.a,77460,29,/nto/os/lib/bin-ppc/libps.g0.a
test-errors.log,0,32,/config/validation/yve/compiler/test/expected_output/test-errors.log
libcrypto_x86_64.a,4170294,29,/manageability/http/lighttpd/bin-x86_64/libcrypto_x86_64.a
fhrp_fwd_ctrl_ut-valgrind.log,0,32,/ip/fhrp/common/test/logs/fhrp_fwd_ctrl_ut-valgrind.log
liblzo.a,686282,29,/nto/os/lib/bin-ppc-so/liblzo.a
libssl.a,2569544,29,/nto/io-pkt/lib/bin-x86e/libssl.a
libsocket_qnx.dll.a,814688,29,/nto/io-pkt/lib/bin-x86e/libsocket_qnx.dll.a
libcam-disk-cisco_kernel_dumper.a,108018,29,/platforms/common/diskcam/bin/bin-ppc-so/libcam-disk-cisco_kernel_dumper.a
ei_ea_im_ut-valgrind.log,0,32,/l2protocols/ethernet/infra/test/ut_logs/ei_ea_im_ut-valgrind.log
pird_ipc_test-valgrind.log,0,32,/spp/feature/pird/test/logs/pird_ipc_test-valgrind.log
libcmin.a,16600,29,/nto/os/lib/bin-x86e/libcmin.a
liblewrapper.dll.sym.map,0,32,/infra/infra/lewrapper/bin-ppc/liblewrapper.dll.sym.map
libc3mssl_local.a,2864182,29,/infra/smart_licensing/thirdparty/ciscossl/openssl_1.0.2e/bin-ppc-nto/libc3mssl_local.a
libmibtree.a,135988,29,/snmp/SR/bin-ppc/libmibtree.a
libxray.a,15550,29,/nto/os/lib/bin-ppc/libxray.a
libdevb-ata-dlS.a,46586,29,/platforms/hfr/drivers/disk/bin/bin-ppc-so/libdevb-ata-dlS.a
xcli_application_dll.dll,569344,38,/platforms/hfr/lc/plim_ether/drivers/cameo/src/sdk/xilinx_ip/common_software/xcli_console_application/xcli_application_dll.dll
syntax-ref.pdf,3029903,46,/mb/runtime/mb-sdk/platform/versions/1.4.0/a6cel-i3qxr/production/doc/Language-User-Guide/syntax-ref.pdf
mac_acc_db_ut-valgrind.log,0,32,/l2protocols/ethernet/infra/test/ut_logs/mac_acc_db_ut-valgrind.log
libtamact2.dll.a,606596,29,/scc/bin-ppc/libtamact2.dll.a
libfs-flash-cisco_kernel_dumper.a,2297602,29,/nto/os/lib/bin-ppc/libfs-flash-cisco_kernel_dumper.a
libmibtable.a,81506,29,/snmp/SR/bin-ppc-so/libmibtable.a
apichkr.bs,0,32,/tools/lib/apichkr/auto/apichkr/apichkr.bs
libenki.dll.a,68818,29,/infra/license/enki/bin-ppc/libenki.dll.a
mcp_spi0_perf.pak,0,32,/cpp/dp/obj/mcp/mcp_spi0_perf.pak
libdevf-scrp-kd.a,203382,29,/nto/os/lib/bin-ppc/libdevf-scrp-kd.a
acme,0,32,/manageability/yang/framework/mapping/oc-system/grpc/acme
libpcreposix.a,17200,29,/manageability/http/lighttpd/bin-x86_64/libpcreposix.a
libgcov.a,107886,29,/build/bin-x86_64/4.2.1/libgcov.a
libssp.a,49754,29,/cplusplus/lib/bin-x86e/libssp.a
LEDuP.pdf,238216,46,/platforms/hfr/drivers/int_switch/bcm_sdk/etc/tools/led/doc/LEDuP.pdf
slat_lib_operation-valgrind.log,0,32,/infra/sla/test/logs/slat_lib_operation-valgrind.log
slat_lib_edm-valgrind.log,0,32,/infra/sla/test/logs/slat_lib_edm-valgrind.log
libmtd-flash2-kd.a,2540896,29,/platforms/viking/debug/kernel_dumper/lib/bin-ppc/libmtd-flash2-kd.a
slat_pm_edm-valgrind.log,0,32,/infra/sla/test/logs/slat_pm_edm-valgrind.log
openvswitch-ipsec.init-REMOVED,0,32,/infra/sdn/openflow/openvswitch/openvswitch-1.4.0/debian/openvswitch-ipsec.init-REMOVED
libpki_client_base.dll.a,84994,29,/crypto/pki_base/bin-x86e/libpki_client_base.dll.a
AUTHORS,0,32,/os-sdk/repos/cisco/xr/x86/recipes-custom/ccore/files/ccore-1.0/AUTHORS
libcrypto_ecdsa.dll.a,17862,29,/crypto/pki_base/bin-ppc/libcrypto_ecdsa.dll.a
NEWS,0,32,/infra/test/tools/cmocka/NEWS
libtamact2_flexr.a,311082,29,/calvados/asr9k_pkg/common/i2c/i2c_server/bin/libtamact2_flexr.a
libgcov.a,21436,29,/nto/os/lib/bin-ppc/libgcov.a
liblewrapper.dll.map,0,32,/infra/infra/lewrapper/bin-4k/liblewrapper.dll.map
tam_library.a,372416,29,/os-sdk/repos/cisco/cpa/recipes-bmc/ciscotamlib/files/tam_library.a
libm.dll.a,834514,29,/nto/os/lib/bin-4k/libm.dll.a
libdevb-eide-cisco_kernel_dumper.a,2424978,29,/platforms/hfr/drivers/disk/bin/bin-ppc-so/libdevb-eide-cisco_kernel_dumper.a
packet_coproc.ccd,0,32,/cpp/dp/infra/packet_coproc.ccd
libfs-dosS.a,539606,29,/nto/ioblk/bin/bin-ppc-so/libfs-dosS.a
libprotobuf.a,16544844,29,/calvados/shared_pkg/common/protobuf/lib/libprotobuf.a
EZparse_win_x86.lib,4012457,29,/drivers/chips/np/ezchip-4c/src/host/parse/bin/win/EZparse_win_x86.lib
safe_libc.run-doxygen,0,32,/infra/safeC/docs/safe_libc.run-doxygen
libfs-flash3S.a,1233748,29,/nto/ioblk/bin/bin-4k/libfs-flash3S.a
libdevb-ata-cisco_kernel_dumper.a,693612,29,/platforms/hfr/drivers/disk/bin/bin-ppc-so/libdevb-ata-cisco_kernel_dumper.a
libgcc_math.g0.a,4308,29,/nto/os/lib/bin-ppc/libgcc_math.g0.a
ema_valgrind.supp,335,31,/l2protocols/ethernet/mac-allocation/test/src/ema_valgrind.supp
libcam-diskS.a,70234,29,/platforms/common/diskcam/bin/bin-x86e/libcam-diskS.a
AUTHORS,0,32,/os-sdk/repos/cisco/xr/x86/recipes-custom/cbt/files/cbt-1.0/AUTHORS
libcrypto_client_base.g0.a,364326,29,/crypto/pki_base/bin-x86_64/libcrypto_client_base.g0.a
NCS4KELE.j2z,23401771,31,/manageability/CTC/etc/NCS4KELE.j2z
libpcrecpp.a,51638,29,/manageability/http/lighttpd/bin-x86_64/libpcrecpp.a
libboostthread.a,2617502,29,/infra/opflex/bin-x86_64/libboostthread.a
libpki_client_base.dll.a,89152,29,/crypto/pki_base/bin-ppc/libpki_client_base.dll.a
spp_handover_node_test-valgrind.log,0,32,/spp/core/test/logs/spp_handover_node_test-valgrind.log
libxray.dll.a,8224,29,/nto/os/lib/bin-ppc-so/libxray.dll.a
libTFFS.a,1079150,29,/platforms/hfr/drivers/int_switch/bcm_sdk/etc/systems/vxworks/idtrp334/idtrp334/tffs/libTFFS.a
srms_server_test.supp,526,31,/segment-routing/ms/xr/test/srms_server_test.supp
xdepkg.j2z,327991,31,/manageability/CTC/etc/xdepkg.j2z
ChangeLog,0,32,/crypto/tams/tamservices/ChangeLog
valgrind_pkg.supp,5332,31,/compmgmt/pie/pkg/test/etc/valgrind_pkg.supp
eth_test_module_lwm-valgrind.log,0,32,/drivers/lib/media/ether/test/modules/logs/eth_test_module_lwm-valgrind.log
libmbffi.dll.a,37102,29,/mb/runtime/bin/bin-x86e/libmbffi.dll.a
spp_node_test_valgrind.supp,553,31,/spp/core/test/src/spp_node_test_valgrind.supp
.nojamfile,0,32,/infra/infra_test/filesystems/.nojamfile
.nojamfile,0,32,/parser/test/.nojamfile
ws_valgrind.supp,277,31,/training/induction/shared/test/ws_valgrind.supp
valgrind_ifc.supp,5162,31,/compmgmt/io/ifc/test/etc/valgrind_ifc.supp
hsrp_chkpt_ut-valgrind.log,0,32,/ipv4/hsrp/test/logs/hsrp_chkpt_ut-valgrind.log
libcrypto_error_base.dll.a,5074,29,/crypto/pki_base/bin-4k/libcrypto_error_base.dll.a
bte_cut_empty_subtypes_1-0_1.map,920,32,/manageability/telemetry/bte/engine/test/src/bte_cut_empty_subtypes_1-0_1.map
bcdls_test.supp,827,31,/infra/bcdl2/test/etc/bcdls_test.supp
.acme_procapi_clean,0,32,/.ACMEROOT/tmp/.acme_procapi_clean
libscc.dll.a,68388,29,/scc/bin-x86e/libscc.dll.a
libc.a,9359702,29,/nto/os/lib/bin-ppc/libc.a
.nojamfile,0,32,/infra/infra_test/socket/.nojamfile
libtcl8.4.a,1093246,29,/cpp/tools/ccsh/lib/binos/tcl8.4/lib-ppc/libtcl8.4.a
libcacheS.a,27246,29,/nto/ioblk/bin/bin-ppc/libcacheS.a
libdevb-mvSata-dlS.a,46586,29,/platforms/hfr/drivers/disk/bin/bin-ppc-so/libdevb-mvSata-dlS.a
libxray.dll.a,6992,29,/nto/base/lib/bin-4k/libxray.dll.a
libtbm.a,950260,29,/cpp/dp/tools/crpg/obj/libtbm.a
libfs-dosS.a,461482,29,/nto/ioblk/bin/bin-x86e/libfs-dosS.a
component.db,6164,67,/compmgmt/test/dummy_disk/c12k-os-mbi-3.6.0.1I/instdb/component.db
Intel_SSD_DC_S3520_Sightings_Report_Rev1_4_568557.pdf,681501,46,/os-sdk/repos/cisco/bsp/x86/recipes-bsp/fwupgrade/fwupgrade-1.0/ssd/Intel/MR2-DV/Intel_SSD_DC_S3520_Sightings_Report_Rev1_4_568557.pdf
libkd_p10xxtlb.a,8606,29,/platforms/hfr/debug/kernel_dumper/sp/lib/bin-ppc/libkd_p10xxtlb.a
pird_ether_driver_test-valgrind.log,0,32,/spp/feature/pird/test/logs/pird_ether_driver_test-valgrind.log
test_ism_cc_lib-valgrind.log,0,32,/spirit/issu/infra/test/test_logs/test_ism_cc_lib-valgrind.log
pird_subscriber_test-valgrind.log,0,32,/spp/feature/pird/test/logs/pird_subscriber_test-valgrind.log
ucast_mac_comp_test-valgrind.log,0,32,/l2protocols/ethernet/infra/test/ut_logs/ucast_mac_comp_test-valgrind.log
libc3mssl.a,2697972,29,/crypto/toolkit/ciscossl/bin-x86_64/libc3mssl.a
libkbpBRCM12K.dll.a,2699304,29,/drivers/chips/tcam/Broadcom/BRCM12K/bin-ppc-nto/libkbpBRCM12K.dll.a
EZvpci_win_x86.lib,84840,29,/drivers/chips/np/ezchip-4c/src/host/vpci/bin/win/EZvpci_win_x86.lib
pycon06-AdventureEngineUsingPyparsing-notes.pdf,48227,46,/mb/runtime/Protocols/scripts/pyparsing-2.0.1/docs/pycon06-AdventureEngineUsingPyparsing-notes.pdf
libcrypto.a,4187480,29,/crypto/tams/ciscossl/lib/libcrypto.a
libgcc.a,1708500,29,/build/bin-x86l32/4.2.1/libgcc.a
batch_count_test-valgrind.log,0,32,/l2protocols/ethernet/infra/test/ut_logs/batch_count_test-valgrind.log
fhrp_fwd_db_ut_-v-valgrind.log,0,32,/ip/fhrp/common/test/logs/fhrp_fwd_db_ut_-v-valgrind.log
WRS_LICENSE.pdf,255878,46,/platforms/hfr/drivers/int_switch/bcm_sdk/etc/systems/vxworks/mousse/mpc8240/WRS_LICENSE.pdf
libosysrtjson.a,121806,29,/thirdparty/obj-sys/release/usr/lib64/libosysrtjson.a
libcam-cisco_kernel_dumper.a,398284,29,/platforms/common/diskcam/bin/bin-ppc/libcam-cisco_kernel_dumper.a
bootx64.efi,801280,38,/platforms/mystique/misc/bootx64.efi
libsnmpv3.a,846682,29,/snmp/snmpv3/src/src/noexport/qnx_cisco.lib/libsnmpv3.a
EZdev_win_x86.lib,89392,29,/drivers/chips/np/ezchip-4c/src/host/dev/bin/win/EZdev_win_x86.lib
common-patches-nxos.scc,0,32,/os-sdk/repos/windriver/cgl/recipes-kernel/linux/linux-windriver-3.14/common/common-patches-nxos.scc
libsnmp.a,1025134,29,/snmp/SR/bin-ppc/libsnmp.a
libcam-disk-cisco_static.a,90786,29,/platforms/common/diskcam/bin/bin-4k/libcam-disk-cisco_static.a
liblewrapper.dll.map,0,32,/infra/infra/lewrapper/bin-ppc/liblewrapper.dll.map
libfs-flash3-crsS.a,1321764,29,/platforms/hfr/drivers/bootflash/bin/bin-ppc-so/libfs-flash3-crsS.a
libsnmpagent.a,502418,29,/snmp/SR/bin-ppc/libsnmpagent.a
xal_test_vg.supp,1505,31,/platforms/enxr/admin/test/src/xal_test_vg.supp
libgcc.a,551034,29,/build/bin-ppc/4.2.1/libgcc.a
libagent.a,100522,29,/snmp/SR/bin-4k/libagent.a
libTFFS54le.a,296480,29,/platforms/hfr/drivers/int_switch/bcm_sdk/etc/systems/vxworks/jag/bcm4704/tffs/libTFFS54le.a
libcoex.a,52922,29,/snmp/SR/bin-x86_64-ms/libcoex.a
wininst-7.1.exe,65536,38,/infra/test/tools/python/src/Python-2.7.1/Lib/distutils/command/wininst-7.1.exe
security_flags_xr.inc,0,32,/os-sdk/repos/windriver/cgl/conf/distro/include/security_flags_xr.inc
libnpm-qnet-cisco_g.a,1753126,29,/nto/distrib/lib/bin-x86e/libnpm-qnet-cisco_g.a
libgcc.a,682452,29,/cplusplus/lib/bin-4k/libgcc.a
spp_api_test-valgrind.log,0,32,/spp/core/test/logs/spp_api_test-valgrind.log
sla_show_ltrace-valgrind.log,0,32,/infra/sla/test/logs/sla_show_ltrace-valgrind.log
libgcov.a,100150,29,/build/bin-x86l32/4.2.1/libgcov.a
libpki_error_base.g0.a,10464,29,/crypto/pki_base/bin-x86_64/libpki_error_base.g0.a
WRS_LICENSE.pdf,255878,46,/platforms/hfr/drivers/int_switch/bcm_sdk/etc/systems/vxworks/jag/bcm4704/WRS_LICENSE.pdf
.nojamfile,0,32,/infra/infra_test/mhost/.nojamfile
450376_CS6051_API_Reference_Guide.pdf,9771056,46,/drivers/chips/otn/t100/src/sdk/doc/450376_CS6051_API_Reference_Guide.pdf
libpccard.a,161600,29,/nto/os/lib/bin-ppc/libpccard.a
valgrind_license.supp,4066,31,/infra/smart_licensing/tools/valgrind_license.supp
libbsafe_lite.a,957116,29,/compmgmt/css/rsa/bin-sparc-solaris/libbsafe_lite.a
libdrvr.a,83018,29,/nto/os/lib/bin-ppc/libdrvr.a
.nojamfile,0,32,/infra/infra_test/dns/.nojamfile
hsrp_bfd_ut-valgrind.log,0,32,/ipv4/hsrp/test/logs/hsrp_bfd_ut-valgrind.log
tam_library.a,1807844,29,/scc/bin-x86_64-linux-spirit/tam_library.a
libgcc.a,406504,29,/build/bin-x86_64/4.2.1/libgcc.a
libc3m.g0.a,11904898,29,/crypto/toolkit/ciscossl/bin-x86/libc3m.g0.a
libdevb-ata-ciscoS.a,399626,29,/platforms/hfr/drivers/disk/bin/bin-ppc-so/libdevb-ata-ciscoS.a
libcrypto.a,9639670,29,/nto/io-pkt/lib/bin-x86e/libcrypto.a
libpython3.3m.a,13360308,29,/tools/python3/host/tmp/lib/python3.3/config-3.3m/libpython3.3m.a
libio-char.g0.a,766210,29,/nto/os/lib/bin-ppc-so/libio-char.g0.a
openvswitch-controller.init-REMOVED,0,32,/infra/sdn/openflow/openvswitch/openvswitch-1.4.0/debian/openvswitch-controller.init-REMOVED
libboostsys.a,54936,29,/infra/opflex/bin-x86e/libboostsys.a
eth_test_module_trans_driver_pol-valgrind.log,0,32,/drivers/lib/media/ether/test/modules/logs/eth_test_module_trans_driver_pol-valgrind.log
utmp,0,32,/platforms/piref/installer/installer_tree/run/utmp
EZdriver_linux_ppc.a,3227924,29,/drivers/chips/np/ezchip-4c/src/host/driver/bin/linux/EZdriver_linux_ppc.a
udld_valgrind.supp,279,31,/l2protocols/ethernet/oam/udld/test/udld_valgrind.supp
libasyncmsg.dll.a,35078,29,/nto/os/lib/bin-ppc/libasyncmsg.dll.a
security_flags_xr.inc,0,32,/os-sdk/repos/cisco/xr/x86/conf/distro/include/security_flags_xr.inc
libmibtree-hybrid.a,71758,29,/snmp/SR/bin-x86e/libmibtree-hybrid.a
libbacktrace.a,72060,29,/nto/os/lib/bin-x86e/libbacktrace.a
tam_platform_io.a,5250,29,/scc/bin-spitfire-x86_64-linux-spirit/tam_platform_io.a
libusbdi.a,341742,29,/nto/usb/bin/bin-x86e/libusbdi.a
liblewrapper.a,223618,29,/infra/infra/lewrapper/bin-x86e/liblewrapper.a
udld_mut_main-valgrind.log,0,32,/l2protocols/ethernet/oam/udld/test/logs/udld_mut_main-valgrind.log
ORB.j2z,537000,31,/manageability/CTC/etc/ORB.j2z
interface_ea_test-valgrind.log,0,32,/spp/feature/pird/test/logs/interface_ea_test-valgrind.log
wpcap.lib,17414,29,/calvados/boot_pkg/drivers/ccc/ccc_shell/raw_packet/winpcap/lib/wpcap.lib
libcoex.a,51626,29,/snmp/SR/bin-4k/libcoex.a
libctf-libc.dll.a,2948256,29,/ctf/mgr/lib/bin-4k/libctf-libc.dll.a
libcmin.a,20992,29,/nto/os/lib/bin-ppc-so/libcmin.a
libucl.a,145982,29,/nto/os/lib/bin-4k/libucl.a
libfs-flash3.a,1330528,29,/nto/os/lib/bin-x86e/libfs-flash3.a
spp_main_test-valgrind.log,0,32,/spp/core/test/logs/spp_main_test-valgrind.log
libctf-libc.dll.a,2769076,29,/ctf/mgr/lib/bin-ppc/libctf-libc.dll.a
libmod_xray.a,35816,29,/nto/os/sys/bin-ppc-so/libmod_xray.a
libkd_delay.a,27354,29,/nto/os/lib/bin-ppc-so/libkd_delay.a
libvlib.a,2957574,29,/platforms/common/gdplane/platform/sunstone/vpp/install-native/libvlib.a
libfs-flash-cisco_kernel_dumper.a,2338226,29,/nto/ioblk/bin/bin-ppc-so/libfs-flash-cisco_kernel_dumper.a
libgcc.a,6158540,29,/build/bin-4k/4.7.0/libgcc.a
libc.dll.a,4647394,29,/nto/os/lib/bin-ppc/libc.dll.a
slat_lib_stats-valgrind.log,0,32,/infra/sla/test/logs/slat_lib_stats-valgrind.log
libpm.g0.a,191056,29,/nto/os/lib/bin-x86e/libpm.g0.a
libc3mssl.a,2721756,29,/crypto/toolkit/ciscossl/bin-x86/libc3mssl.a
.component_root,0,32,/mgmt/mgmt-apps-svcs/.component_root
bte_ut_vg.supp,946,31,/manageability/telemetry/bte/engine/test/src/bte_ut_vg.supp
libcache.a,27222,29,/nto/os/lib/bin-ppc/libcache.a
.component_root,0,32,/infra/safeC/.component_root
libsnmpagent.a,551510,29,/snmp/SR/bin-x86_64-linux-spirit/libsnmpagent.a
win32com.dll.win,27648,38,/platforms/viking/manageability/cwi/etc/win32com.dll.win
mpg.supp,2839,31,/manageability/mpg/test/etc/mpg.supp
libpie.a,386902,29,/compmgmt/pie/lib/bin-sparc-solaris/libpie.a
NEWS,0,32,/os-sdk/repos/cisco/xr/x86/recipes-custom/ccore/files/ccore-1.0/NEWS
enxr.supp,3312,31,/infra/test/linux/pkg/etc/enxr.supp
libdl.g0.a,41678,29,/nto/os/lib/bin-ppc-so/libdl.g0.a
libgcc_math.g0.a,4308,29,/nto/os/lib/bin-ppc-so/libgcc_math.g0.a
libcmin.a,16890,29,/nto/os/lib/bin-4k/libcmin.a
libremote.a,81624,29,/infra/testtools/remote/lib/bin-4k/libremote.a
libc.a,8769618,29,/nto/os/lib/bin-4k/libc.a
libmibtree.a,267616,29,/snmp/SR/bin-ppc-so/libmibtree.a
dspu.db,14240,67,/compmgmt/test/dummy_disk/c12k-fwdg-3.6.0.1I/instdb/dspu.db
libc3m.a,11766164,29,/crypto/toolkit/ciscossl/bin-4k/libc3m.a
libsnmpagent-hybrid.a,308216,29,/snmp/SR/bin-x86e/libsnmpagent-hybrid.a
libc3m.g0.a,12851084,29,/crypto/toolkit/ciscossl/bin-x86_64/libc3m.g0.a
EZtbsStub_win_x86.lib,11444,29,/drivers/chips/np/ezchip-4c/src/host/tbs/bin/win/EZtbsStub_win_x86.lib
libTAO_IORTable.a,61820,29,/orb/taoorb/lib/bin-ppc/libTAO_IORTable.a
pird_fab_hdr_test-valgrind.log,0,32,/spp/feature/pird/test/logs/pird_fab_hdr_test-valgrind.log
libio-char.g0.a,537824,29,/tty/server/lib/bin-4k/libio-char.g0.a
libsnmp.a,1110776,29,/snmp/SR/bin-x86_64/libsnmp.a
srms_valgrind_srms.supp,29785,31,/segment-routing/ms/xr/test/srms_valgrind_srms.supp
libssp.a,49754,29,/build/bin-x86e/4.7.0/libssp.a
libdevb-ata-ciscoS.a,407936,29,/platforms/hfr/drivers/disk/bin/bin-ppc/libdevb-ata-ciscoS.a
libvlib.a,1725832,29,/platforms/common/gdplane/platform/sunstone/vpp/install-debug-native/libvlib.a
libdevb-umassS.a,313006,29,/nto/usb/bin/bin-ppc-so/libdevb-umassS.a
libcoex.a,39386,29,/snmp/SR/bin-x86l32/libcoex.a
pird_pppoe_test-valgrind.log,0,32,/spp/feature/pird/test/logs/pird_pppoe_test-valgrind.log
test-print-rules-errors.log,0,32,/config/validation/yve/compiler/test/expected_output/test-print-rules-errors.log
libc3m_local.a,11922840,29,/infra/smart_licensing/thirdparty/ciscossl/openssl_1.0.2e/bin-x86_64-linux-spirit/libc3m_local.a
libgcc.a,550246,29,/cplusplus/lib/bin-ppc-so/libgcc.a
libsnmpagent.a,643806,29,/snmp/SR/bin-x86_64/libsnmpagent.a
libvnet.a,17454516,29,/platforms/common/gdplane/platform/sunstone/vpp/install-debug-native/libvnet.a
treectrl22.dll,148480,38,/platforms/viking/lc/ucode/ezchip/tools/src/struct_view/src/treectrl2.2.3/treectrl22.dll
ChangeLog,0,32,/os-sdk/repos/cisco/xr/x86/recipes-custom/ccore/files/ccore-1.0/ChangeLog
libsupc++.a,451704,29,/infra/opflex/bin-ppc/libsupc++.a
libagent.a,89578,29,/snmp/SR/bin-x86/libagent.a
mac_acc_clnt_ut-valgrind.log,0,32,/l2protocols/ethernet/infra/test/ut_logs/mac_acc_clnt_ut-valgrind.log
libsesinit.a,35104,29,/sestools/common/bin-4k/libsesinit.a
ez_testbench_obj.vsd,168448,35,/platforms/viking/lc/ucode/ezchip/testbench/doc/ez_testbench_obj.vsd
libgcov.a,107886,29,/build/bin-x86_64/4.7.0/libgcov.a
ei_ea_plat_ut_v3-valgrind.log,0,32,/l2protocols/ethernet/infra/test/ut_logs/ei_ea_plat_ut_v3-valgrind.log
libsnmp.a,2162534,29,/snmp/SR/bin-ppc-so/libsnmp.a
